opp_id,account_id,lead_id,created_date,close_date,stage,amount_usd,product_line,region
OPP-200001,ACC-0190,LEAD-102648,2025-10-09,,Proposal,17178,Clear Aligners,NA
OPP-200002,ACC-0169,LEAD-104008,2025-10-17,,Negotiation,61993,Clear Aligners,APAC
OPP-200003,ACC-0217,LEAD-105670,2025-09-28,,Negotiation,62090,Clear Aligners,NA
OPP-200004,ACC-0186,LEAD-105168,2024-07-01,2024-08-01,Closed Lost,55423,Clear Aligners,NA
OPP-200005,ACC-0016,LEAD-106702,2025-09-20,,Negotiation,64326,Clear Aligners,APAC
OPP-200006,ACC-0100,LEAD-104917,2024-08-30,2024-10-30,Closed Won,45449,Scanner,APAC
OPP-200007,ACC-0022,LEAD-100969,2024-06-14,2024-09-13,Closed Won,57836,Clear Aligners,NA
OPP-200008,ACC-0014,LEAD-106933,2025-08-22,2025-09-16,Closed Lost,59106,Clear Aligners,APAC
OPP-200009,ACC-0250,LEAD-106356,2024-07-22,,Proposal,32334,Scanner,APAC
OPP-200010,ACC-0243,LEAD-105354,2024-04-22,,Negotiation,41366,Imaging,EMEA
OPP-200011,ACC-0220,LEAD-103570,2025-05-15,2025-07-27,Closed Won,57403,Clear Aligners,NA
OPP-200012,ACC-0063,LEAD-106014,2024-11-18,2025-01-11,Closed Won,101188,Clear Aligners,APAC
OPP-200013,ACC-0131,LEAD-103231,2025-12-30,2026-03-28,Closed Won,23797,Imaging,APAC
OPP-200014,ACC-0222,LEAD-105684,2025-04-28,2025-05-14,Closed Won,47168,Imaging,APAC
OPP-200015,ACC-0179,LEAD-104571,2024-01-09,,Negotiation,45107,Clear Aligners,APAC
OPP-200016,ACC-0050,LEAD-102492,2025-12-20,,Proposal,53642,Clear Aligners,NA
OPP-200017,ACC-0235,LEAD-106526,2024-07-16,,Proposal,70300,Clear Aligners,EMEA
OPP-200018,ACC-0127,LEAD-106813,2025-02-20,2025-05-27,Closed Lost,53558,Clear Aligners,NA
OPP-200019,ACC-0029,LEAD-102253,2024-08-26,,Negotiation,63885,Clear Aligners,EMEA
OPP-200020,ACC-0159,LEAD-107342,2025-02-23,,Negotiation,23633,Clear Aligners,APAC
OPP-200021,ACC-0017,LEAD-103072,2025-06-22,,Proposal,15111,Imaging,NA
OPP-200022,ACC-0011,LEAD-106493,2025-07-22,2025-10-21,Closed Won,26167,Imaging,NA
OPP-200023,ACC-0233,LEAD-105363,2025-08-17,,Proposal,64986,Clear Aligners,APAC
OPP-200024,ACC-0060,LEAD-103340,2025-02-03,2025-05-28,Closed Lost,46357,Scanner,APAC
OPP-200025,ACC-0007,LEAD-106325,2025-02-06,2025-05-09,Closed Won,52435,Clear Aligners,EMEA
OPP-200026,ACC-0189,LEAD-107944,2024-06-10,2024-09-23,Closed Lost,60076,Clear Aligners,APAC
OPP-200027,ACC-0105,LEAD-105994,2025-12-12,2026-01-04,Closed Lost,31952,Imaging,APAC
OPP-200028,ACC-0150,LEAD-101717,2024-04-12,,Negotiation,27532,Imaging,NA
OPP-200029,ACC-0067,LEAD-102460,2024-03-12,,Proposal,33719,Clear Aligners,APAC
OPP-200030,ACC-0142,LEAD-105330,2024-05-15,2024-08-22,Closed Won,39249,Scanner,APAC
OPP-200031,ACC-0035,LEAD-105750,2025-11-11,,Negotiation,23412,Imaging,APAC
OPP-200032,ACC-0201,LEAD-105257,2025-03-12,,Negotiation,39652,Clear Aligners,APAC
OPP-200033,ACC-0099,LEAD-104711,2025-07-12,,Negotiation,49811,Clear Aligners,APAC
OPP-200034,ACC-0105,LEAD-101529,2025-03-31,2025-05-19,Closed Won,23372,Clear Aligners,EMEA
OPP-200035,ACC-0188,LEAD-100602,2025-07-10,,Proposal,25918,Imaging,APAC
OPP-200036,ACC-0065,LEAD-107015,2025-06-12,2025-06-29,Closed Won,42999,Scanner,APAC
OPP-200037,ACC-0155,LEAD-103656,2024-01-25,,Negotiation,74138,Clear Aligners,EMEA
OPP-200038,ACC-0090,LEAD-106902,2025-01-02,,Negotiation,13589,Imaging,APAC
OPP-200039,ACC-0220,LEAD-103445,2025-03-18,,Negotiation,41292,Scanner,NA
OPP-200040,ACC-0220,LEAD-100293,2024-01-15,2024-05-14,Closed Won,74263,Clear Aligners,NA
OPP-200041,ACC-0195,LEAD-100479,2025-12-21,2026-03-07,Closed Won,9219,Scanner,APAC
OPP-200042,ACC-0110,LEAD-104354,2025-10-21,2026-01-24,Closed Won,52210,Clear Aligners,APAC
OPP-200043,ACC-0229,LEAD-104735,2025-08-17,,Proposal,23788,Imaging,NA
OPP-200044,ACC-0233,LEAD-102947,2025-06-05,2025-07-12,Closed Won,49407,Clear Aligners,NA
OPP-200045,ACC-0142,LEAD-102146,2025-08-05,2025-10-31,Closed Won,57294,Clear Aligners,APAC
OPP-200046,ACC-0224,LEAD-105773,2025-02-22,2025-06-21,Closed Won,10250,Clear Aligners,APAC
OPP-200047,ACC-0125,LEAD-105944,2024-06-28,2024-07-22,Closed Won,68100,Clear Aligners,EMEA
OPP-200048,ACC-0197,LEAD-101316,2025-04-21,2025-08-19,Closed Won,59713,Clear Aligners,EMEA
OPP-200049,ACC-0082,LEAD-107813,2025-01-16,,Negotiation,58803,Clear Aligners,EMEA
OPP-200050,ACC-0061,LEAD-106186,2024-01-16,2024-04-08,Closed Won,57614,Clear Aligners,NA
OPP-200051,ACC-0157,LEAD-107835,2025-11-03,,Proposal,35981,Imaging,APAC
OPP-200052,ACC-0122,LEAD-106354,2025-02-19,,Negotiation,63550,Clear Aligners,APAC
OPP-200053,ACC-0144,LEAD-101991,2024-07-20,,Negotiation,71014,Clear Aligners,APAC
OPP-200054,ACC-0048,LEAD-106649,2025-04-08,2025-06-01,Closed Won,77728,Clear Aligners,EMEA
OPP-200055,ACC-0081,LEAD-107536,2025-11-30,,Proposal,45668,Clear Aligners,APAC
OPP-200056,ACC-0071,LEAD-103876,2025-03-08,2025-04-21,Closed Won,22166,Imaging,NA
OPP-200057,ACC-0020,LEAD-106559,2024-07-29,,Negotiation,72589,Clear Aligners,NA
OPP-200058,ACC-0137,LEAD-106470,2024-04-12,2024-05-28,Closed Won,12656,Clear Aligners,APAC
OPP-200059,ACC-0098,LEAD-105096,2024-05-12,,Proposal,32240,Scanner,APAC
OPP-200060,ACC-0195,LEAD-104209,2025-06-25,,Negotiation,15123,Clear Aligners,APAC
OPP-200061,ACC-0105,LEAD-102628,2025-09-02,,Proposal,23502,Scanner,NA
OPP-200062,ACC-0139,LEAD-106260,2024-12-24,,Negotiation,45719,Imaging,NA
OPP-200063,ACC-0228,LEAD-104433,2024-03-21,,Proposal,35342,Imaging,EMEA
OPP-200064,ACC-0042,LEAD-106730,2025-07-18,2025-08-17,Closed Lost,73842,Clear Aligners,APAC
OPP-200065,ACC-0057,LEAD-107652,2024-02-18,2024-05-08,Closed Won,12805,Imaging,EMEA
OPP-200066,ACC-0146,LEAD-106465,2024-05-15,2024-07-04,Closed Won,76540,Clear Aligners,APAC
OPP-200067,ACC-0157,LEAD-103974,2025-06-21,2025-08-27,Closed Won,88490,Clear Aligners,APAC
OPP-200068,ACC-0019,LEAD-102012,2024-05-20,,Proposal,58686,Clear Aligners,APAC
OPP-200069,ACC-0164,LEAD-102592,2025-07-20,,Proposal,47482,Scanner,EMEA
OPP-200070,ACC-0106,LEAD-102219,2024-11-18,2024-12-19,Closed Won,22137,Scanner,NA
OPP-200071,ACC-0105,LEAD-107804,2025-08-20,,Proposal,58875,Clear Aligners,NA
OPP-200072,ACC-0007,LEAD-106804,2025-05-17,2025-06-08,Closed Won,34043,Clear Aligners,APAC
OPP-200073,ACC-0032,LEAD-101883,2025-08-09,,Proposal,37445,Clear Aligners,NA
OPP-200074,ACC-0094,LEAD-103132,2024-07-24,2024-10-04,Closed Lost,30383,Scanner,APAC
OPP-200075,ACC-0092,LEAD-101036,2024-03-14,2024-05-22,Closed Won,66044,Clear Aligners,NA
OPP-200076,ACC-0149,LEAD-106768,2025-07-17,,Proposal,60834,Clear Aligners,EMEA
OPP-200077,ACC-0112,LEAD-103044,2025-04-28,2025-06-18,Closed Won,55519,Clear Aligners,EMEA
OPP-200078,ACC-0057,LEAD-107831,2025-09-10,2025-10-07,Closed Won,31608,Scanner,EMEA
OPP-200079,ACC-0237,LEAD-105181,2025-09-14,2025-12-03,Closed Lost,33199,Scanner,APAC
OPP-200080,ACC-0131,LEAD-104909,2024-01-16,2024-04-08,Closed Lost,29098,Clear Aligners,NA
OPP-200081,ACC-0229,LEAD-107608,2025-01-25,,Proposal,88504,Clear Aligners,APAC
OPP-200082,ACC-0030,LEAD-100970,2025-12-01,2026-01-16,Closed Won,40227,Scanner,EMEA
OPP-200083,ACC-0249,LEAD-107016,2025-04-06,2025-06-28,Closed Lost,92929,Clear Aligners,NA
OPP-200084,ACC-0004,LEAD-101025,2024-02-18,2024-06-16,Closed Won,55980,Scanner,APAC
OPP-200085,ACC-0239,LEAD-104388,2024-10-18,2024-12-16,Closed Won,60822,Scanner,NA
OPP-200086,ACC-0178,LEAD-104621,2025-11-10,,Negotiation,36708,Clear Aligners,APAC
OPP-200087,ACC-0137,LEAD-102565,2025-10-12,2025-11-16,Closed Lost,87433,Clear Aligners,APAC
OPP-200088,ACC-0173,LEAD-100513,2025-10-05,2025-10-24,Closed Won,53625,Clear Aligners,NA
OPP-200089,ACC-0057,LEAD-104708,2025-07-07,2025-07-22,Closed Won,83944,Clear Aligners,APAC
OPP-200090,ACC-0214,LEAD-107573,2024-02-12,,Proposal,28918,Scanner,NA
OPP-200091,ACC-0121,LEAD-102082,2025-07-04,2025-10-07,Closed Lost,36186,Clear Aligners,APAC
OPP-200092,ACC-0189,LEAD-100390,2024-03-19,2024-05-26,Closed Won,21398,Clear Aligners,APAC
OPP-200093,ACC-0132,LEAD-104347,2025-06-16,,Negotiation,41624,Clear Aligners,APAC
OPP-200094,ACC-0052,LEAD-106433,2025-11-08,,Proposal,36840,Scanner,NA
OPP-200095,ACC-0186,LEAD-103488,2025-12-12,,Proposal,58061,Clear Aligners,EMEA
OPP-200096,ACC-0225,LEAD-100151,2024-01-06,2024-04-10,Closed Lost,28989,Clear Aligners,APAC
OPP-200097,ACC-0142,LEAD-101972,2025-10-15,2025-12-05,Closed Won,16349,Imaging,APAC
OPP-200098,ACC-0180,LEAD-100777,2025-11-25,2026-02-07,Closed Won,74954,Clear Aligners,EMEA
OPP-200099,ACC-0110,LEAD-105948,2025-07-10,2025-09-18,Closed Lost,24357,Imaging,EMEA
OPP-200100,ACC-0225,LEAD-104226,2025-02-25,2025-05-04,Closed Lost,76995,Clear Aligners,APAC
OPP-200101,ACC-0069,LEAD-101116,2025-08-27,,Negotiation,77461,Clear Aligners,NA
OPP-200102,ACC-0082,LEAD-104335,2025-07-06,2025-08-28,Closed Won,29677,Imaging,APAC
OPP-200103,ACC-0185,LEAD-102056,2024-05-17,,Negotiation,82460,Clear Aligners,APAC
OPP-200104,ACC-0232,LEAD-102025,2024-02-13,2024-04-06,Closed Won,40128,Scanner,EMEA
OPP-200105,ACC-0210,LEAD-105643,2024-05-06,,Proposal,55070,Clear Aligners,EMEA
OPP-200106,ACC-0141,LEAD-100174,2024-07-03,2024-08-05,Closed Won,20498,Scanner,NA
OPP-200107,ACC-0205,LEAD-106789,2024-06-08,,Proposal,72483,Clear Aligners,NA
OPP-200108,ACC-0160,LEAD-106691,2024-02-24,2024-06-19,Closed Won,58606,Clear Aligners,APAC
OPP-200109,ACC-0198,LEAD-103793,2025-08-04,2025-09-18,Closed Lost,58861,Clear Aligners,APAC
OPP-200110,ACC-0060,LEAD-105058,2024-11-14,2025-01-16,Closed Won,25232,Clear Aligners,APAC
OPP-200111,ACC-0239,LEAD-105784,2024-04-19,,Negotiation,46373,Clear Aligners,EMEA
OPP-200112,ACC-0237,LEAD-102955,2024-05-01,2024-06-21,Closed Won,32937,Scanner,APAC
OPP-200113,ACC-0231,LEAD-102089,2025-09-09,2025-10-27,Closed Won,53578,Clear Aligners,EMEA
OPP-200114,ACC-0227,LEAD-104680,2025-03-26,2025-05-27,Closed Won,33270,Scanner,APAC
OPP-200115,ACC-0189,LEAD-104687,2024-01-26,,Negotiation,23080,Imaging,APAC
OPP-200116,ACC-0141,LEAD-106904,2024-01-06,2024-01-25,Closed Won,32460,Imaging,APAC
OPP-200117,ACC-0089,LEAD-106778,2024-03-31,2024-06-24,Closed Lost,54814,Clear Aligners,NA
OPP-200118,ACC-0179,LEAD-104563,2025-12-07,2026-02-23,Closed Lost,31662,Scanner,APAC
OPP-200119,ACC-0243,LEAD-104007,2025-01-15,2025-03-10,Closed Lost,32461,Clear Aligners,APAC
OPP-200120,ACC-0141,LEAD-105348,2025-06-09,2025-06-25,Closed Won,61052,Clear Aligners,NA
OPP-200121,ACC-0086,LEAD-105758,2024-06-04,2024-09-25,Closed Lost,59235,Clear Aligners,APAC
OPP-200122,ACC-0189,LEAD-103967,2025-01-03,2025-04-02,Closed Won,25397,Scanner,APAC
OPP-200123,ACC-0171,LEAD-100740,2024-11-09,2024-12-22,Closed Won,56874,Clear Aligners,APAC
OPP-200124,ACC-0243,LEAD-104253,2025-07-05,2025-10-19,Closed Lost,30049,Imaging,APAC
OPP-200125,ACC-0116,LEAD-102992,2025-03-11,,Proposal,31942,Clear Aligners,APAC
OPP-200126,ACC-0127,LEAD-105808,2025-10-20,,Proposal,64519,Clear Aligners,NA
OPP-200127,ACC-0022,LEAD-106140,2024-06-12,2024-07-21,Closed Lost,37467,Clear Aligners,EMEA
OPP-200128,ACC-0107,LEAD-105931,2025-01-14,2025-05-11,Closed Lost,69976,Clear Aligners,APAC
OPP-200129,ACC-0002,LEAD-101218,2025-10-07,,Negotiation,61837,Clear Aligners,NA
OPP-200130,ACC-0116,LEAD-103113,2024-08-03,2024-09-08,Closed Won,63845,Clear Aligners,NA
OPP-200131,ACC-0076,LEAD-103629,2024-07-26,,Proposal,68349,Clear Aligners,NA
OPP-200132,ACC-0222,LEAD-103095,2024-01-04,2024-03-18,Closed Won,58191,Clear Aligners,APAC
OPP-200133,ACC-0036,LEAD-106359,2024-03-04,2024-03-29,Closed Won,82539,Clear Aligners,EMEA
OPP-200134,ACC-0121,LEAD-100161,2024-12-31,2025-04-19,Closed Lost,10232,Scanner,APAC
OPP-200135,ACC-0009,LEAD-106761,2025-10-07,,Proposal,51608,Clear Aligners,APAC
OPP-200136,ACC-0169,LEAD-102011,2025-10-14,,Proposal,98462,Clear Aligners,NA
OPP-200137,ACC-0098,LEAD-105981,2024-01-23,2024-02-12,Closed Won,28310,Imaging,APAC
OPP-200138,ACC-0170,LEAD-100882,2025-06-30,,Proposal,35349,Scanner,EMEA
OPP-200139,ACC-0186,LEAD-104545,2025-03-14,2025-05-05,Closed Lost,36294,Scanner,NA
OPP-200140,ACC-0191,LEAD-105636,2025-12-09,2026-03-12,Closed Lost,41254,Scanner,APAC
OPP-200141,ACC-0012,LEAD-102948,2025-04-09,2025-06-04,Closed Won,22662,Clear Aligners,APAC
OPP-200142,ACC-0079,LEAD-103347,2024-02-10,2024-04-06,Closed Won,42925,Clear Aligners,APAC
OPP-200143,ACC-0065,LEAD-105515,2025-09-07,2025-10-30,Closed Won,43914,Scanner,NA
OPP-200144,ACC-0113,LEAD-104285,2025-10-02,2026-01-27,Closed Won,19821,Clear Aligners,EMEA
OPP-200145,ACC-0040,LEAD-100908,2024-08-05,2024-10-09,Closed Lost,23288,Imaging,APAC
OPP-200146,ACC-0113,LEAD-102815,2024-10-19,2025-01-01,Closed Won,44726,Clear Aligners,EMEA
OPP-200147,ACC-0159,LEAD-103028,2025-08-30,2025-09-23,Closed Won,71306,Clear Aligners,EMEA
OPP-200148,ACC-0008,LEAD-103829,2025-12-10,,Proposal,40436,Scanner,APAC
OPP-200149,ACC-0158,LEAD-103171,2024-09-11,,Negotiation,29934,Imaging,APAC
OPP-200150,ACC-0088,LEAD-102882,2025-06-15,,Proposal,57181,Clear Aligners,NA
OPP-200151,ACC-0090,LEAD-102556,2024-10-24,2025-01-20,Closed Won,27816,Imaging,APAC
OPP-200152,ACC-0145,LEAD-102119,2024-07-18,2024-08-05,Closed Won,29531,Clear Aligners,APAC
OPP-200153,ACC-0235,LEAD-107492,2024-02-19,,Proposal,85738,Clear Aligners,APAC
OPP-200154,ACC-0215,LEAD-104823,2025-07-26,,Negotiation,40695,Clear Aligners,APAC
OPP-200155,ACC-0157,LEAD-100758,2024-04-18,,Negotiation,43733,Scanner,EMEA
OPP-200156,ACC-0156,LEAD-106114,2025-08-29,,Proposal,14672,Scanner,NA
OPP-200157,ACC-0140,LEAD-106728,2024-11-21,,Proposal,40745,Clear Aligners,APAC
OPP-200158,ACC-0031,LEAD-101101,2025-12-14,2026-03-09,Closed Won,21138,Scanner,EMEA
OPP-200159,ACC-0079,LEAD-104362,2025-08-17,2025-10-04,Closed Won,36064,Scanner,EMEA
OPP-200160,ACC-0241,LEAD-106078,2024-07-12,2024-10-31,Closed Won,61763,Clear Aligners,APAC
OPP-200161,ACC-0126,LEAD-101277,2024-02-06,,Proposal,91745,Clear Aligners,EMEA
OPP-200162,ACC-0026,LEAD-104798,2025-08-17,2025-09-02,Closed Won,83004,Clear Aligners,NA
OPP-200163,ACC-0171,LEAD-107317,2025-06-07,,Negotiation,22977,Imaging,EMEA
OPP-200164,ACC-0078,LEAD-104828,2025-05-05,,Negotiation,61839,Clear Aligners,EMEA
OPP-200165,ACC-0203,LEAD-101840,2024-12-11,2024-12-30,Closed Won,53903,Clear Aligners,NA
OPP-200166,ACC-0020,LEAD-104622,2025-09-18,2025-12-15,Closed Won,54330,Clear Aligners,NA
OPP-200167,ACC-0217,LEAD-101831,2025-11-03,,Proposal,40844,Scanner,EMEA
OPP-200168,ACC-0221,LEAD-106007,2024-04-10,2024-08-07,Closed Won,21331,Clear Aligners,EMEA
OPP-200169,ACC-0139,LEAD-100646,2024-10-31,2024-12-18,Closed Won,47810,Clear Aligners,EMEA
OPP-200170,ACC-0101,LEAD-103715,2025-03-02,2025-05-05,Closed Won,34229,Scanner,EMEA
OPP-200171,ACC-0212,LEAD-101331,2024-11-29,2025-01-24,Closed Won,9065,Clear Aligners,NA
OPP-200172,ACC-0064,LEAD-105556,2025-08-25,2025-10-13,Closed Lost,39855,Scanner,APAC
OPP-200173,ACC-0161,LEAD-107950,2024-06-02,2024-08-13,Closed Won,25713,Scanner,APAC
OPP-200174,ACC-0190,LEAD-100343,2025-02-01,,Negotiation,59240,Clear Aligners,EMEA
OPP-200175,ACC-0144,LEAD-107862,2025-08-02,2025-09-15,Closed Won,75669,Clear Aligners,EMEA
OPP-200176,ACC-0126,LEAD-103030,2024-12-11,2025-01-24,Closed Won,43823,Clear Aligners,NA
OPP-200177,ACC-0082,LEAD-101925,2024-07-03,2024-10-30,Closed Won,81111,Clear Aligners,APAC
OPP-200178,ACC-0223,LEAD-107089,2024-12-12,,Proposal,49962,Clear Aligners,NA
OPP-200179,ACC-0157,LEAD-103915,2024-11-27,2025-03-19,Closed Won,56780,Clear Aligners,APAC
OPP-200180,ACC-0189,LEAD-104580,2025-11-04,2025-11-27,Closed Won,33040,Scanner,NA
OPP-200181,ACC-0163,LEAD-107295,2025-04-30,,Proposal,24383,Scanner,APAC
OPP-200182,ACC-0016,LEAD-103485,2024-12-28,2025-01-16,Closed Won,48812,Clear Aligners,APAC
OPP-200183,ACC-0232,LEAD-102006,2025-11-06,,Negotiation,81143,Clear Aligners,EMEA
OPP-200184,ACC-0233,LEAD-103131,2024-05-24,,Negotiation,54416,Clear Aligners,APAC
OPP-200185,ACC-0006,LEAD-103170,2024-10-31,,Proposal,55803,Clear Aligners,EMEA
OPP-200186,ACC-0234,LEAD-105183,2025-04-25,2025-06-16,Closed Won,60257,Clear Aligners,APAC
OPP-200187,ACC-0027,LEAD-104025,2024-10-09,,Proposal,15424,Imaging,APAC
OPP-200188,ACC-0227,LEAD-100478,2024-07-30,,Negotiation,70304,Clear Aligners,APAC
OPP-200189,ACC-0222,LEAD-104262,2024-11-25,2024-12-18,Closed Won,39780,Clear Aligners,EMEA
OPP-200190,ACC-0065,LEAD-100230,2025-05-24,,Proposal,53191,Clear Aligners,APAC
OPP-200191,ACC-0218,LEAD-106385,2025-08-30,2025-11-11,Closed Won,56558,Clear Aligners,EMEA
OPP-200192,ACC-0003,LEAD-103968,2024-09-18,2024-10-12,Closed Won,32406,Scanner,EMEA
OPP-200193,ACC-0208,LEAD-101931,2024-05-27,2024-08-11,Closed Won,86147,Clear Aligners,APAC
OPP-200194,ACC-0112,LEAD-102448,2024-10-13,,Proposal,44811,Clear Aligners,APAC
OPP-200195,ACC-0069,LEAD-100157,2025-09-21,,Proposal,67817,Clear Aligners,EMEA
OPP-200196,ACC-0236,LEAD-102529,2024-04-05,2024-04-29,Closed Won,21988,Clear Aligners,EMEA
OPP-200197,ACC-0035,LEAD-107154,2024-02-20,,Proposal,25953,Clear Aligners,EMEA
OPP-200198,ACC-0134,LEAD-105998,2025-07-05,2025-07-23,Closed Won,18404,Imaging,EMEA
OPP-200199,ACC-0027,LEAD-102169,2024-09-07,2025-01-03,Closed Won,68205,Clear Aligners,NA
OPP-200200,ACC-0250,LEAD-107298,2024-04-16,,Proposal,63713,Clear Aligners,APAC
OPP-200201,ACC-0175,LEAD-102124,2025-11-18,,Negotiation,52435,Clear Aligners,APAC
OPP-200202,ACC-0168,LEAD-103780,2025-02-19,,Negotiation,68762,Clear Aligners,NA
OPP-200203,ACC-0219,LEAD-103580,2024-07-12,2024-08-16,Closed Won,62801,Scanner,APAC
OPP-200204,ACC-0089,LEAD-101441,2025-12-19,,Proposal,50850,Clear Aligners,EMEA
OPP-200205,ACC-0030,LEAD-106195,2025-02-21,,Negotiation,39797,Clear Aligners,EMEA
OPP-200206,ACC-0205,LEAD-100552,2024-01-13,,Proposal,22847,Clear Aligners,EMEA
OPP-200207,ACC-0012,LEAD-103795,2025-10-31,,Negotiation,25338,Imaging,APAC
OPP-200208,ACC-0004,LEAD-106118,2024-07-06,2024-10-09,Closed Won,38397,Clear Aligners,NA
OPP-200209,ACC-0167,LEAD-106222,2025-03-20,,Negotiation,37278,Clear Aligners,APAC
OPP-200210,ACC-0172,LEAD-107114,2025-05-24,,Negotiation,36387,Imaging,APAC
OPP-200211,ACC-0243,LEAD-106079,2025-03-31,2025-06-26,Closed Lost,46325,Clear Aligners,APAC
OPP-200212,ACC-0133,LEAD-100875,2024-08-21,,Negotiation,26108,Imaging,APAC
OPP-200213,ACC-0219,LEAD-103318,2025-02-27,,Negotiation,43201,Scanner,NA
OPP-200214,ACC-0158,LEAD-104081,2024-02-04,,Proposal,73905,Clear Aligners,EMEA
OPP-200215,ACC-0187,LEAD-102441,2024-05-31,,Proposal,43625,Scanner,APAC
OPP-200216,ACC-0052,LEAD-107180,2024-10-01,2025-01-08,Closed Won,21859,Clear Aligners,NA
OPP-200217,ACC-0121,LEAD-107419,2024-11-21,,Negotiation,27167,Clear Aligners,APAC
OPP-200218,ACC-0073,LEAD-101183,2025-10-26,2025-11-21,Closed Lost,28286,Clear Aligners,APAC
OPP-200219,ACC-0169,LEAD-102564,2025-03-16,2025-06-12,Closed Won,93664,Clear Aligners,EMEA
OPP-200220,ACC-0001,LEAD-106908,2024-03-27,2024-07-17,Closed Won,75702,Clear Aligners,EMEA
OPP-200221,ACC-0155,LEAD-102718,2024-09-01,2024-09-16,Closed Won,38933,Clear Aligners,APAC
OPP-200222,ACC-0248,LEAD-107544,2025-12-26,2026-01-22,Closed Lost,41884,Clear Aligners,EMEA
OPP-200223,ACC-0109,LEAD-105064,2024-10-12,,Negotiation,57222,Clear Aligners,EMEA
OPP-200224,ACC-0115,LEAD-105988,2024-01-07,,Negotiation,71741,Clear Aligners,APAC
OPP-200225,ACC-0092,LEAD-106062,2025-08-09,,Proposal,44792,Clear Aligners,EMEA
OPP-200226,ACC-0171,LEAD-103769,2024-05-20,2024-07-21,Closed Won,71310,Clear Aligners,NA
OPP-200227,ACC-0060,LEAD-107402,2024-07-08,,Proposal,25295,Scanner,NA
OPP-200228,ACC-0219,LEAD-104534,2025-06-21,2025-07-07,Closed Lost,67116,Clear Aligners,NA
OPP-200229,ACC-0050,LEAD-106440,2024-12-13,,Negotiation,39923,Clear Aligners,EMEA
OPP-200230,ACC-0186,LEAD-103707,2024-07-07,2024-08-20,Closed Won,105737,Clear Aligners,NA
OPP-200231,ACC-0064,LEAD-105539,2025-08-07,2025-09-03,Closed Lost,57251,Clear Aligners,EMEA
OPP-200232,ACC-0164,LEAD-106044,2024-11-03,,Proposal,52971,Scanner,EMEA
OPP-200233,ACC-0144,LEAD-104555,2024-01-07,2024-02-07,Closed Won,54174,Clear Aligners,APAC
OPP-200234,ACC-0105,LEAD-102545,2025-10-27,,Proposal,5187,Clear Aligners,APAC
OPP-200235,ACC-0159,LEAD-105691,2024-05-28,2024-06-18,Closed Won,98203,Clear Aligners,NA
OPP-200236,ACC-0190,LEAD-107315,2024-07-28,,Negotiation,61524,Clear Aligners,NA
OPP-200237,ACC-0211,LEAD-103934,2024-05-02,,Negotiation,36704,Scanner,APAC
OPP-200238,ACC-0229,LEAD-100691,2024-04-02,,Proposal,46050,Clear Aligners,APAC
OPP-200239,ACC-0007,LEAD-101202,2024-06-04,2024-08-29,Closed Lost,22911,Clear Aligners,APAC
OPP-200240,ACC-0086,LEAD-100928,2024-05-22,2024-09-12,Closed Won,73901,Clear Aligners,EMEA
OPP-200241,ACC-0100,LEAD-101313,2024-12-30,,Proposal,31459,Scanner,APAC
OPP-200242,ACC-0015,LEAD-106685,2025-10-08,2026-01-17,Closed Won,22413,Imaging,NA
OPP-200243,ACC-0200,LEAD-105097,2024-05-30,2024-07-22,Closed Won,17175,Scanner,NA
OPP-200244,ACC-0123,LEAD-106292,2025-12-27,2026-03-25,Closed Won,33654,Scanner,EMEA
OPP-200245,ACC-0059,LEAD-105182,2024-08-18,,Proposal,57605,Clear Aligners,APAC
OPP-200246,ACC-0161,LEAD-104282,2024-10-02,2024-12-07,Closed Lost,16413,Scanner,NA
OPP-200247,ACC-0111,LEAD-103791,2024-01-01,2024-02-18,Closed Won,69692,Clear Aligners,APAC
OPP-200248,ACC-0246,LEAD-104403,2025-10-03,2025-12-20,Closed Lost,61835,Scanner,APAC
OPP-200249,ACC-0233,LEAD-101019,2024-10-03,,Negotiation,47883,Scanner,APAC
OPP-200250,ACC-0111,LEAD-100899,2024-11-19,2025-01-19,Closed Won,47558,Clear Aligners,NA
OPP-200251,ACC-0153,LEAD-103865,2024-10-27,2024-11-20,Closed Won,24470,Imaging,APAC
OPP-200252,ACC-0101,LEAD-102052,2025-05-21,2025-06-22,Closed Lost,30385,Scanner,EMEA
OPP-200253,ACC-0164,LEAD-103576,2024-04-24,2024-08-10,Closed Won,31008,Imaging,EMEA
OPP-200254,ACC-0155,LEAD-107314,2024-03-11,,Proposal,25797,Imaging,APAC
OPP-200255,ACC-0170,LEAD-105228,2025-06-19,,Negotiation,34481,Clear Aligners,EMEA
OPP-200256,ACC-0098,LEAD-106507,2024-01-18,,Proposal,46598,Scanner,EMEA
OPP-200257,ACC-0008,LEAD-103685,2024-03-18,,Negotiation,26981,Clear Aligners,NA
OPP-200258,ACC-0058,LEAD-105703,2025-01-26,2025-04-15,Closed Won,71938,Clear Aligners,NA
OPP-200259,ACC-0071,LEAD-102411,2025-09-23,2025-12-06,Closed Won,77556,Clear Aligners,NA
OPP-200260,ACC-0063,LEAD-102034,2024-08-12,2024-09-27,Closed Won,41286,Clear Aligners,APAC
OPP-200261,ACC-0136,LEAD-103435,2024-04-30,,Negotiation,60618,Clear Aligners,NA
OPP-200262,ACC-0003,LEAD-107024,2025-12-30,,Negotiation,17203,Scanner,NA
OPP-200263,ACC-0225,LEAD-105518,2025-09-02,2025-12-07,Closed Won,36969,Imaging,NA
OPP-200264,ACC-0250,LEAD-101193,2024-08-20,,Proposal,55232,Scanner,NA
OPP-200265,ACC-0152,LEAD-104756,2025-09-30,2025-12-28,Closed Won,33333,Imaging,NA
OPP-200266,ACC-0246,LEAD-104688,2024-05-07,,Proposal,90872,Clear Aligners,APAC
OPP-200267,ACC-0148,LEAD-106377,2025-07-09,2025-08-16,Closed Won,61546,Clear Aligners,NA
OPP-200268,ACC-0201,LEAD-104648,2025-05-08,2025-06-24,Closed Won,20660,Imaging,APAC
OPP-200269,ACC-0119,LEAD-103932,2025-08-04,,Proposal,48715,Clear Aligners,NA
OPP-200270,ACC-0108,LEAD-102782,2024-09-10,,Negotiation,25947,Scanner,NA
OPP-200271,ACC-0170,LEAD-103323,2024-08-07,2024-09-05,Closed Lost,48066,Clear Aligners,APAC
OPP-200272,ACC-0129,LEAD-100866,2024-11-24,,Negotiation,31959,Clear Aligners,NA
OPP-200273,ACC-0194,LEAD-102857,2025-05-05,,Negotiation,69229,Clear Aligners,APAC
OPP-200274,ACC-0012,LEAD-101481,2025-07-20,2025-10-06,Closed Won,59263,Clear Aligners,APAC
OPP-200275,ACC-0111,LEAD-107010,2025-06-05,2025-09-14,Closed Won,64092,Clear Aligners,EMEA
OPP-200276,ACC-0110,LEAD-101247,2025-09-09,,Negotiation,25996,Scanner,APAC
OPP-200277,ACC-0228,LEAD-103216,2025-06-29,2025-09-13,Closed Won,51008,Scanner,APAC
OPP-200278,ACC-0139,LEAD-101042,2025-12-18,,Proposal,39000,Clear Aligners,NA
OPP-200279,ACC-0067,LEAD-103659,2025-08-10,,Negotiation,77305,Clear Aligners,APAC
OPP-200280,ACC-0186,LEAD-106680,2024-03-28,,Negotiation,43153,Clear Aligners,APAC
OPP-200281,ACC-0244,LEAD-100409,2025-08-31,2025-10-07,Closed Won,34417,Imaging,EMEA
OPP-200282,ACC-0021,LEAD-105811,2025-05-29,,Proposal,22181,Imaging,APAC
OPP-200283,ACC-0146,LEAD-102967,2024-03-17,2024-05-09,Closed Won,65697,Clear Aligners,EMEA
OPP-200284,ACC-0041,LEAD-102644,2025-02-13,,Negotiation,56521,Clear Aligners,APAC
OPP-200285,ACC-0091,LEAD-107261,2024-04-26,2024-07-12,Closed Lost,43079,Clear Aligners,APAC
OPP-200286,ACC-0228,LEAD-100258,2024-03-04,2024-05-16,Closed Won,80551,Clear Aligners,EMEA
OPP-200287,ACC-0172,LEAD-103847,2025-02-01,,Proposal,26668,Imaging,EMEA
OPP-200288,ACC-0096,LEAD-101138,2024-11-05,,Proposal,19473,Imaging,APAC
OPP-200289,ACC-0104,LEAD-102620,2024-11-26,,Negotiation,40890,Clear Aligners,NA
OPP-200290,ACC-0227,LEAD-107702,2024-01-17,,Negotiation,75412,Clear Aligners,EMEA
OPP-200291,ACC-0083,LEAD-101526,2025-10-22,,Negotiation,61037,Clear Aligners,APAC
OPP-200292,ACC-0199,LEAD-100338,2025-03-02,,Proposal,26630,Imaging,NA
OPP-200293,ACC-0015,LEAD-101662,2025-11-14,2026-01-13,Closed Won,59648,Clear Aligners,EMEA
OPP-200294,ACC-0067,LEAD-103987,2024-10-12,,Negotiation,78116,Clear Aligners,EMEA
OPP-200295,ACC-0185,LEAD-107806,2025-11-04,,Proposal,29105,Imaging,APAC
OPP-200296,ACC-0118,LEAD-105030,2025-06-06,,Proposal,61922,Clear Aligners,NA
OPP-200297,ACC-0187,LEAD-105178,2025-11-06,2026-01-10,Closed Won,58219,Clear Aligners,APAC
OPP-200298,ACC-0146,LEAD-100629,2024-10-28,2025-01-16,Closed Won,25285,Imaging,APAC
OPP-200299,ACC-0129,LEAD-100835,2025-03-08,2025-06-12,Closed Won,28485,Scanner,APAC
OPP-200300,ACC-0034,LEAD-105959,2024-12-16,2025-01-28,Closed Lost,49535,Clear Aligners,APAC
OPP-200301,ACC-0026,LEAD-107330,2024-10-13,2024-12-27,Closed Won,27832,Imaging,NA
OPP-200302,ACC-0040,LEAD-102186,2025-08-02,2025-09-11,Closed Lost,28623,Scanner,APAC
OPP-200303,ACC-0073,LEAD-100226,2024-09-10,2024-11-09,Closed Lost,45917,Clear Aligners,APAC
OPP-200304,ACC-0219,LEAD-106263,2025-09-03,2025-11-01,Closed Won,28302,Scanner,NA
OPP-200305,ACC-0194,LEAD-101508,2025-04-21,2025-07-02,Closed Won,65313,Clear Aligners,EMEA
OPP-200306,ACC-0157,LEAD-106727,2025-01-14,2025-02-15,Closed Lost,35110,Scanner,APAC
OPP-200307,ACC-0201,LEAD-101596,2024-05-25,2024-09-08,Closed Lost,54387,Clear Aligners,EMEA
OPP-200308,ACC-0179,LEAD-107550,2024-03-09,,Negotiation,83792,Clear Aligners,NA
OPP-200309,ACC-0167,LEAD-102205,2024-06-29,2024-08-03,Closed Won,75677,Clear Aligners,EMEA
OPP-200310,ACC-0167,LEAD-104425,2025-01-28,,Negotiation,37456,Clear Aligners,APAC
OPP-200311,ACC-0158,LEAD-105216,2025-03-14,2025-05-14,Closed Won,80410,Clear Aligners,NA
OPP-200312,ACC-0095,LEAD-101145,2024-08-10,2024-09-08,Closed Won,32470,Imaging,NA
OPP-200313,ACC-0060,LEAD-106293,2024-05-15,,Negotiation,42614,Clear Aligners,NA
OPP-200314,ACC-0067,LEAD-100147,2024-03-24,,Proposal,24483,Clear Aligners,EMEA
OPP-200315,ACC-0094,LEAD-107992,2024-09-21,2024-12-02,Closed Won,67622,Clear Aligners,APAC
OPP-200316,ACC-0031,LEAD-102463,2025-10-21,2025-11-09,Closed Won,58896,Clear Aligners,APAC
OPP-200317,ACC-0101,LEAD-103394,2025-01-29,,Negotiation,47100,Clear Aligners,EMEA
OPP-200318,ACC-0134,LEAD-100876,2025-02-02,2025-03-07,Closed Won,43502,Clear Aligners,APAC
OPP-200319,ACC-0035,LEAD-103452,2025-11-14,2026-03-12,Closed Lost,21293,Imaging,APAC
OPP-200320,ACC-0134,LEAD-102583,2025-07-13,2025-09-21,Closed Won,45174,Clear Aligners,APAC
OPP-200321,ACC-0159,LEAD-102374,2025-06-20,2025-09-20,Closed Won,54336,Scanner,APAC
OPP-200322,ACC-0128,LEAD-102808,2025-11-26,2026-01-30,Closed Won,92464,Clear Aligners,EMEA
OPP-200323,ACC-0241,LEAD-100674,2025-09-15,2025-11-18,Closed Lost,18561,Clear Aligners,EMEA
OPP-200324,ACC-0153,LEAD-105200,2024-12-28,2025-04-08,Closed Lost,47366,Scanner,APAC
OPP-200325,ACC-0150,LEAD-107435,2025-01-05,2025-02-24,Closed Won,55303,Clear Aligners,APAC
OPP-200326,ACC-0062,LEAD-104481,2024-03-08,2024-03-25,Closed Won,42291,Imaging,EMEA
OPP-200327,ACC-0103,LEAD-105809,2025-07-13,2025-07-31,Closed Lost,41136,Clear Aligners,NA
OPP-200328,ACC-0196,LEAD-104322,2025-10-08,2026-01-31,Closed Won,38758,Scanner,APAC
OPP-200329,ACC-0078,LEAD-100415,2025-08-12,,Negotiation,29681,Scanner,APAC
OPP-200330,ACC-0095,LEAD-106905,2024-05-04,2024-06-06,Closed Won,52149,Clear Aligners,NA
OPP-200331,ACC-0048,LEAD-107448,2025-07-16,2025-10-14,Closed Lost,29729,Clear Aligners,NA
OPP-200332,ACC-0206,LEAD-101029,2024-09-20,2024-11-19,Closed Won,70404,Clear Aligners,EMEA
OPP-200333,ACC-0234,LEAD-106886,2024-11-04,,Proposal,66643,Clear Aligners,NA
OPP-200334,ACC-0140,LEAD-105884,2024-11-13,2025-02-26,Closed Lost,29476,Clear Aligners,NA
OPP-200335,ACC-0218,LEAD-100471,2025-03-27,2025-05-01,Closed Won,51013,Clear Aligners,NA
OPP-200336,ACC-0231,LEAD-101906,2024-11-08,2025-02-20,Closed Won,14062,Scanner,APAC
OPP-200337,ACC-0224,LEAD-103878,2024-05-20,,Proposal,69765,Clear Aligners,NA
OPP-200338,ACC-0144,LEAD-104615,2024-10-11,2025-01-04,Closed Won,35974,Imaging,APAC
OPP-200339,ACC-0104,LEAD-102666,2025-03-01,2025-04-29,Closed Won,34901,Clear Aligners,NA
OPP-200340,ACC-0109,LEAD-104057,2025-12-15,,Negotiation,27590,Imaging,EMEA
OPP-200341,ACC-0061,LEAD-106592,2025-06-30,,Proposal,29428,Imaging,EMEA
OPP-200342,ACC-0126,LEAD-105080,2025-12-03,2026-03-14,Closed Won,41737,Clear Aligners,NA
OPP-200343,ACC-0020,LEAD-106290,2025-07-07,2025-09-02,Closed Won,33258,Clear Aligners,APAC
OPP-200344,ACC-0075,LEAD-100980,2024-01-01,,Proposal,50866,Scanner,APAC
OPP-200345,ACC-0080,LEAD-104893,2025-02-17,2025-06-02,Closed Lost,40665,Clear Aligners,APAC
OPP-200346,ACC-0111,LEAD-107561,2024-04-07,2024-06-12,Closed Lost,21398,Clear Aligners,NA
OPP-200347,ACC-0097,LEAD-100232,2024-01-09,2024-01-26,Closed Lost,73151,Clear Aligners,APAC
OPP-200348,ACC-0036,LEAD-105553,2025-12-03,2026-02-01,Closed Won,29703,Imaging,EMEA
OPP-200349,ACC-0020,LEAD-107260,2024-03-18,2024-07-08,Closed Won,13593,Scanner,APAC
OPP-200350,ACC-0160,LEAD-101069,2025-06-28,2025-09-20,Closed Won,47780,Clear Aligners,APAC
OPP-200351,ACC-0159,LEAD-100069,2024-02-20,2024-03-22,Closed Won,66414,Clear Aligners,APAC
OPP-200352,ACC-0052,LEAD-100053,2025-01-16,,Proposal,19314,Clear Aligners,APAC
OPP-200353,ACC-0087,LEAD-105719,2024-11-29,,Negotiation,71563,Clear Aligners,EMEA
OPP-200354,ACC-0079,LEAD-102823,2025-07-26,,Negotiation,50443,Clear Aligners,APAC
OPP-200355,ACC-0058,LEAD-103427,2025-08-31,,Negotiation,62178,Clear Aligners,NA
OPP-200356,ACC-0087,LEAD-106382,2025-02-18,2025-04-30,Closed Lost,70519,Clear Aligners,APAC
OPP-200357,ACC-0199,LEAD-105037,2025-03-09,2025-04-17,Closed Won,25567,Clear Aligners,APAC
OPP-200358,ACC-0126,LEAD-104133,2025-04-13,,Proposal,20039,Scanner,APAC
OPP-200359,ACC-0103,LEAD-107946,2025-08-14,,Negotiation,38188,Scanner,APAC
OPP-200360,ACC-0100,LEAD-100640,2024-09-24,,Proposal,84813,Clear Aligners,NA
OPP-200361,ACC-0223,LEAD-103513,2024-12-05,,Negotiation,54976,Clear Aligners,NA
OPP-200362,ACC-0088,LEAD-104356,2025-04-03,2025-06-27,Closed Won,87860,Clear Aligners,APAC
OPP-200363,ACC-0026,LEAD-106002,2025-09-07,2025-11-20,Closed Lost,69088,Clear Aligners,EMEA
OPP-200364,ACC-0204,LEAD-106331,2024-08-30,2024-12-19,Closed Won,19849,Imaging,EMEA
OPP-200365,ACC-0079,LEAD-101881,2025-03-08,2025-04-06,Closed Won,29327,Clear Aligners,NA
OPP-200366,ACC-0012,LEAD-103704,2024-01-26,2024-05-10,Closed Won,57897,Scanner,APAC
OPP-200367,ACC-0047,LEAD-105010,2025-08-03,,Proposal,56144,Clear Aligners,EMEA
OPP-200368,ACC-0097,LEAD-102394,2025-12-27,2026-04-08,Closed Lost,48279,Clear Aligners,NA
OPP-200369,ACC-0159,LEAD-107826,2024-04-09,2024-06-29,Closed Lost,44988,Scanner,NA
OPP-200370,ACC-0190,LEAD-102181,2025-09-12,,Negotiation,71694,Clear Aligners,EMEA
OPP-200371,ACC-0201,LEAD-106283,2025-12-29,2026-01-26,Closed Won,77469,Clear Aligners,NA
OPP-200372,ACC-0145,LEAD-107299,2025-08-21,,Negotiation,33955,Scanner,APAC
OPP-200373,ACC-0164,LEAD-100449,2025-03-15,2025-06-14,Closed Lost,16532,Scanner,APAC
OPP-200374,ACC-0003,LEAD-101965,2025-12-14,2026-02-09,Closed Won,40840,Clear Aligners,APAC
OPP-200375,ACC-0094,LEAD-100380,2025-10-27,,Proposal,59810,Scanner,APAC
OPP-200376,ACC-0206,LEAD-100985,2025-02-17,2025-05-05,Closed Lost,38140,Clear Aligners,EMEA
OPP-200377,ACC-0186,LEAD-105059,2025-05-03,,Proposal,48569,Scanner,APAC
OPP-200378,ACC-0243,LEAD-101420,2024-01-01,2024-04-07,Closed Won,35455,Clear Aligners,APAC
OPP-200379,ACC-0153,LEAD-105761,2024-11-28,2025-03-06,Closed Won,13785,Imaging,APAC
OPP-200380,ACC-0049,LEAD-104937,2024-12-16,,Negotiation,45084,Clear Aligners,NA
OPP-200381,ACC-0086,LEAD-106024,2025-07-06,2025-08-21,Closed Won,57394,Clear Aligners,APAC
OPP-200382,ACC-0042,LEAD-100012,2025-10-15,,Proposal,80081,Clear Aligners,EMEA
OPP-200383,ACC-0187,LEAD-101788,2025-03-12,2025-05-02,Closed Lost,41705,Clear Aligners,NA
OPP-200384,ACC-0248,LEAD-103055,2024-08-02,,Proposal,37849,Clear Aligners,APAC
OPP-200385,ACC-0119,LEAD-104990,2024-03-25,2024-05-14,Closed Won,51688,Scanner,APAC
OPP-200386,ACC-0043,LEAD-104474,2025-07-13,,Negotiation,45116,Clear Aligners,APAC
OPP-200387,ACC-0005,LEAD-103849,2024-02-02,2024-02-22,Closed Won,54424,Clear Aligners,EMEA
OPP-200388,ACC-0066,LEAD-100635,2025-04-02,2025-05-08,Closed Lost,89530,Clear Aligners,APAC
OPP-200389,ACC-0131,LEAD-105193,2025-02-16,,Proposal,46547,Scanner,EMEA
OPP-200390,ACC-0217,LEAD-101375,2024-10-11,2025-02-01,Closed Won,75697,Clear Aligners,NA
OPP-200391,ACC-0063,LEAD-100314,2025-11-19,,Negotiation,39755,Clear Aligners,APAC
OPP-200392,ACC-0079,LEAD-100406,2025-12-02,,Proposal,74741,Clear Aligners,APAC
OPP-200393,ACC-0233,LEAD-106833,2025-03-07,2025-06-08,Closed Lost,39877,Clear Aligners,APAC
OPP-200394,ACC-0119,LEAD-104827,2024-04-23,,Proposal,78540,Clear Aligners,APAC
OPP-200395,ACC-0218,LEAD-102192,2025-04-11,2025-07-12,Closed Lost,75500,Clear Aligners,APAC
OPP-200396,ACC-0196,LEAD-103617,2025-06-13,2025-08-21,Closed Lost,19670,Scanner,NA
OPP-200397,ACC-0098,LEAD-107615,2024-02-20,,Negotiation,67917,Clear Aligners,EMEA
OPP-200398,ACC-0216,LEAD-104766,2024-11-05,2025-01-12,Closed Lost,17437,Imaging,EMEA
OPP-200399,ACC-0147,LEAD-100356,2024-11-23,2025-01-16,Closed Lost,36389,Scanner,APAC
OPP-200400,ACC-0223,LEAD-102344,2024-08-19,2024-10-12,Closed Won,21765,Imaging,NA
OPP-200401,ACC-0226,LEAD-106849,2025-04-20,2025-06-30,Closed Won,5000,Scanner,NA
OPP-200402,ACC-0237,LEAD-102462,2024-01-13,2024-04-24,Closed Won,37145,Scanner,EMEA
OPP-200403,ACC-0014,LEAD-102640,2024-01-31,,Proposal,23142,Scanner,EMEA
OPP-200404,ACC-0118,LEAD-104606,2024-02-25,,Proposal,37596,Scanner,NA
OPP-200405,ACC-0144,LEAD-100765,2024-04-12,2024-07-04,Closed Lost,81666,Clear Aligners,NA
OPP-200406,ACC-0153,LEAD-100763,2025-11-16,2025-12-20,Closed Lost,59316,Clear Aligners,EMEA
OPP-200407,ACC-0037,LEAD-104503,2024-02-01,2024-03-17,Closed Won,50117,Clear Aligners,APAC
OPP-200408,ACC-0154,LEAD-104657,2024-03-01,2024-05-30,Closed Won,14923,Imaging,NA
OPP-200409,ACC-0182,LEAD-103192,2025-10-12,,Negotiation,71764,Clear Aligners,EMEA
OPP-200410,ACC-0099,LEAD-103960,2025-03-28,2025-04-23,Closed Won,72829,Clear Aligners,EMEA
OPP-200411,ACC-0007,LEAD-106787,2025-09-27,,Negotiation,62427,Scanner,EMEA
OPP-200412,ACC-0042,LEAD-104044,2024-04-19,2024-07-01,Closed Won,44510,Clear Aligners,NA
OPP-200413,ACC-0025,LEAD-105018,2025-01-18,,Proposal,44611,Clear Aligners,APAC
OPP-200414,ACC-0023,LEAD-107200,2024-04-22,2024-06-09,Closed Lost,26506,Clear Aligners,EMEA
OPP-200415,ACC-0134,LEAD-107662,2024-09-08,2024-10-27,Closed Won,64964,Clear Aligners,EMEA
OPP-200416,ACC-0212,LEAD-102077,2025-12-15,2026-02-22,Closed Won,58490,Clear Aligners,NA
OPP-200417,ACC-0248,LEAD-103116,2024-11-26,2025-01-25,Closed Won,33466,Scanner,EMEA
OPP-200418,ACC-0080,LEAD-103052,2024-10-13,2024-12-24,Closed Won,59399,Clear Aligners,APAC
OPP-200419,ACC-0181,LEAD-101817,2025-04-05,2025-06-11,Closed Won,48940,Imaging,EMEA
OPP-200420,ACC-0064,LEAD-107623,2025-06-12,2025-07-21,Closed Won,69196,Clear Aligners,APAC
OPP-200421,ACC-0145,LEAD-105422,2024-11-30,,Negotiation,38556,Clear Aligners,APAC
OPP-200422,ACC-0044,LEAD-103950,2024-06-18,,Negotiation,97175,Clear Aligners,APAC
OPP-200423,ACC-0072,LEAD-100957,2025-07-10,2025-08-25,Closed Lost,40542,Scanner,NA
OPP-200424,ACC-0078,LEAD-104649,2025-07-24,2025-10-28,Closed Lost,28323,Imaging,EMEA
OPP-200425,ACC-0029,LEAD-101445,2025-09-22,2025-11-29,Closed Won,40688,Clear Aligners,EMEA
OPP-200426,ACC-0227,LEAD-106387,2024-02-17,2024-04-23,Closed Lost,26016,Clear Aligners,APAC
OPP-200427,ACC-0230,LEAD-106827,2024-03-29,,Proposal,77065,Clear Aligners,EMEA
OPP-200428,ACC-0231,LEAD-103364,2024-11-27,2025-03-12,Closed Won,86956,Clear Aligners,NA
OPP-200429,ACC-0042,LEAD-102510,2025-08-08,2025-11-19,Closed Won,44357,Clear Aligners,NA
OPP-200430,ACC-0149,LEAD-107972,2025-11-16,,Negotiation,67120,Clear Aligners,APAC
OPP-200431,ACC-0107,LEAD-104310,2024-01-24,,Proposal,19666,Imaging,APAC
OPP-200432,ACC-0123,LEAD-100630,2025-08-04,2025-10-10,Closed Won,67342,Clear Aligners,NA
OPP-200433,ACC-0212,LEAD-107160,2025-10-11,2026-02-01,Closed Lost,53896,Clear Aligners,NA
OPP-200434,ACC-0021,LEAD-100874,2024-02-08,,Proposal,56924,Clear Aligners,NA
OPP-200435,ACC-0087,LEAD-103867,2025-10-31,2026-01-06,Closed Won,58783,Clear Aligners,APAC
OPP-200436,ACC-0170,LEAD-106695,2025-02-22,2025-06-09,Closed Won,18877,Imaging,EMEA
OPP-200437,ACC-0163,LEAD-106405,2025-03-29,2025-06-18,Closed Won,52107,Clear Aligners,APAC
OPP-200438,ACC-0082,LEAD-101681,2025-01-08,,Negotiation,90734,Clear Aligners,EMEA
OPP-200439,ACC-0005,LEAD-100393,2024-12-20,,Proposal,26819,Clear Aligners,NA
OPP-200440,ACC-0166,LEAD-103914,2024-10-01,,Proposal,27164,Scanner,APAC
OPP-200441,ACC-0030,LEAD-105066,2024-07-19,,Proposal,58252,Clear Aligners,EMEA
OPP-200442,ACC-0233,LEAD-106662,2025-07-14,2025-09-23,Closed Won,53447,Clear Aligners,EMEA
OPP-200443,ACC-0067,LEAD-100503,2024-04-03,2024-07-25,Closed Won,52820,Clear Aligners,EMEA
OPP-200444,ACC-0068,LEAD-105560,2024-01-30,2024-04-13,Closed Lost,58573,Clear Aligners,EMEA
OPP-200445,ACC-0074,LEAD-105271,2024-05-29,,Negotiation,46365,Clear Aligners,EMEA
OPP-200446,ACC-0239,LEAD-100667,2025-02-10,2025-05-10,Closed Won,7634,Clear Aligners,NA
OPP-200447,ACC-0113,LEAD-103556,2025-12-30,2026-03-31,Closed Lost,34698,Scanner,EMEA
OPP-200448,ACC-0227,LEAD-101178,2025-11-10,2025-12-09,Closed Won,81470,Clear Aligners,NA
OPP-200449,ACC-0181,LEAD-103408,2025-12-30,2026-02-13,Closed Won,51659,Clear Aligners,APAC
OPP-200450,ACC-0062,LEAD-100326,2024-01-17,,Proposal,19639,Scanner,EMEA
OPP-200451,ACC-0027,LEAD-100537,2024-07-27,,Negotiation,30700,Clear Aligners,APAC
OPP-200452,ACC-0011,LEAD-104927,2025-03-22,,Proposal,27369,Clear Aligners,NA
OPP-200453,ACC-0027,LEAD-107059,2025-10-08,,Proposal,30374,Scanner,EMEA
OPP-200454,ACC-0124,LEAD-105459,2025-08-11,2025-09-15,Closed Lost,49033,Clear Aligners,NA
OPP-200455,ACC-0224,LEAD-100681,2025-10-23,,Proposal,21433,Clear Aligners,NA
OPP-200456,ACC-0088,LEAD-101862,2024-01-31,2024-03-15,Closed Won,74033,Clear Aligners,EMEA
OPP-200457,ACC-0192,LEAD-104234,2024-08-19,2024-09-09,Closed Lost,25674,Scanner,EMEA
OPP-200458,ACC-0170,LEAD-105469,2025-11-27,,Negotiation,60331,Clear Aligners,EMEA
OPP-200459,ACC-0198,LEAD-104198,2024-11-06,2024-12-12,Closed Lost,52807,Clear Aligners,EMEA
OPP-200460,ACC-0183,LEAD-104398,2025-12-03,,Proposal,14210,Imaging,APAC
OPP-200461,ACC-0006,LEAD-106275,2024-12-28,,Negotiation,58933,Clear Aligners,NA
OPP-200462,ACC-0234,LEAD-104151,2025-01-06,,Negotiation,41754,Scanner,NA
OPP-200463,ACC-0242,LEAD-105316,2024-08-27,2024-11-23,Closed Lost,112390,Clear Aligners,APAC
OPP-200464,ACC-0053,LEAD-105346,2024-09-10,,Proposal,86152,Clear Aligners,EMEA
OPP-200465,ACC-0229,LEAD-100146,2024-12-23,2025-01-24,Closed Lost,49730,Clear Aligners,APAC
OPP-200466,ACC-0088,LEAD-107771,2024-04-13,2024-06-19,Closed Won,23803,Scanner,APAC
OPP-200467,ACC-0155,LEAD-101612,2025-01-23,,Proposal,22623,Clear Aligners,NA
OPP-200468,ACC-0199,LEAD-103348,2024-08-23,,Proposal,40290,Clear Aligners,APAC
OPP-200469,ACC-0101,LEAD-103111,2025-11-29,2026-03-28,Closed Won,12467,Imaging,APAC
OPP-200470,ACC-0081,LEAD-100554,2025-11-02,2026-01-15,Closed Won,29965,Imaging,NA
OPP-200471,ACC-0242,LEAD-107294,2024-02-17,2024-05-12,Closed Lost,26797,Clear Aligners,NA
OPP-200472,ACC-0041,LEAD-107772,2025-03-24,2025-06-03,Closed Won,20824,Imaging,NA
OPP-200473,ACC-0198,LEAD-100184,2025-03-24,2025-06-08,Closed Won,46392,Clear Aligners,NA
OPP-200474,ACC-0008,LEAD-101408,2024-07-08,,Negotiation,30176,Clear Aligners,APAC
OPP-200475,ACC-0072,LEAD-104996,2025-09-24,,Negotiation,45239,Clear Aligners,EMEA
OPP-200476,ACC-0061,LEAD-104210,2024-01-02,2024-02-05,Closed Lost,59298,Clear Aligners,EMEA
OPP-200477,ACC-0140,LEAD-104634,2024-10-15,,Negotiation,68147,Clear Aligners,APAC
OPP-200478,ACC-0173,LEAD-102308,2025-12-20,,Negotiation,74362,Clear Aligners,NA
OPP-200479,ACC-0107,LEAD-107496,2024-09-07,,Negotiation,30047,Clear Aligners,EMEA
OPP-200480,ACC-0092,LEAD-101435,2025-04-05,2025-06-15,Closed Won,46376,Scanner,APAC
OPP-200481,ACC-0215,LEAD-102525,2025-12-20,2026-03-11,Closed Won,34005,Clear Aligners,APAC
OPP-200482,ACC-0113,LEAD-101994,2024-04-20,2024-06-23,Closed Won,39708,Imaging,EMEA
OPP-200483,ACC-0109,LEAD-103742,2024-01-12,,Negotiation,23192,Scanner,APAC
OPP-200484,ACC-0248,LEAD-104508,2025-09-18,,Proposal,68873,Clear Aligners,APAC
OPP-200485,ACC-0125,LEAD-105715,2024-03-31,,Proposal,5000,Clear Aligners,EMEA
OPP-200486,ACC-0122,LEAD-100649,2025-09-06,2025-09-29,Closed Won,106778,Clear Aligners,EMEA
OPP-200487,ACC-0188,LEAD-106815,2024-03-17,2024-04-23,Closed Won,44121,Clear Aligners,APAC
OPP-200488,ACC-0140,LEAD-107047,2025-05-28,,Proposal,31043,Scanner,APAC
OPP-200489,ACC-0103,LEAD-105286,2024-12-30,2025-04-11,Closed Won,49336,Clear Aligners,NA
OPP-200490,ACC-0118,LEAD-105941,2025-06-23,,Proposal,41977,Clear Aligners,NA
OPP-200491,ACC-0059,LEAD-104874,2025-07-24,,Proposal,49364,Scanner,EMEA
OPP-200492,ACC-0208,LEAD-105088,2024-02-11,2024-02-28,Closed Won,68299,Clear Aligners,APAC
OPP-200493,ACC-0046,LEAD-105727,2025-02-16,2025-05-30,Closed Lost,84968,Clear Aligners,EMEA
OPP-200494,ACC-0103,LEAD-105644,2024-05-02,,Negotiation,55520,Clear Aligners,APAC
OPP-200495,ACC-0052,LEAD-106174,2024-03-08,2024-05-23,Closed Won,61227,Clear Aligners,EMEA
OPP-200496,ACC-0004,LEAD-102559,2024-07-23,2024-08-14,Closed Won,48551,Clear Aligners,APAC
OPP-200497,ACC-0097,LEAD-104747,2024-11-15,2025-02-08,Closed Won,51538,Clear Aligners,APAC
OPP-200498,ACC-0226,LEAD-104213,2024-09-03,,Negotiation,70382,Clear Aligners,NA
OPP-200499,ACC-0060,LEAD-100959,2025-12-05,,Proposal,44436,Clear Aligners,APAC
OPP-200500,ACC-0199,LEAD-102711,2024-08-12,,Negotiation,58212,Clear Aligners,NA
OPP-200501,ACC-0013,LEAD-101778,2025-08-05,,Proposal,59684,Clear Aligners,APAC
OPP-200502,ACC-0148,LEAD-106612,2024-06-16,2024-08-30,Closed Won,25959,Imaging,NA
OPP-200503,ACC-0037,LEAD-106371,2025-02-01,2025-05-19,Closed Won,74255,Clear Aligners,APAC
OPP-200504,ACC-0247,LEAD-106481,2025-04-26,2025-05-30,Closed Won,70157,Clear Aligners,APAC
OPP-200505,ACC-0072,LEAD-107087,2025-02-04,,Negotiation,49701,Clear Aligners,APAC
OPP-200506,ACC-0202,LEAD-102400,2025-02-02,2025-05-15,Closed Won,34614,Imaging,APAC
OPP-200507,ACC-0090,LEAD-104586,2024-01-30,,Negotiation,57922,Clear Aligners,EMEA
OPP-200508,ACC-0090,LEAD-107547,2024-10-09,,Proposal,55610,Clear Aligners,EMEA
OPP-200509,ACC-0250,LEAD-107695,2025-11-01,2026-01-13,Closed Won,36423,Clear Aligners,EMEA
OPP-200510,ACC-0230,LEAD-100197,2025-06-04,,Negotiation,23271,Scanner,EMEA
OPP-200511,ACC-0054,LEAD-102144,2024-03-09,2024-05-04,Closed Lost,21821,Imaging,APAC
OPP-200512,ACC-0113,LEAD-107099,2024-02-20,,Negotiation,67036,Clear Aligners,APAC
OPP-200513,ACC-0188,LEAD-103163,2025-11-21,2025-12-25,Closed Won,41791,Clear Aligners,NA
OPP-200514,ACC-0025,LEAD-103255,2024-05-31,,Negotiation,88837,Clear Aligners,NA
OPP-200515,ACC-0107,LEAD-107136,2025-07-04,2025-08-24,Closed Won,53561,Clear Aligners,EMEA
OPP-200516,ACC-0178,LEAD-105776,2025-10-04,2025-12-02,Closed Won,26412,Clear Aligners,NA
OPP-200517,ACC-0094,LEAD-103280,2024-07-20,,Proposal,37456,Scanner,EMEA
OPP-200518,ACC-0028,LEAD-100276,2024-08-26,,Proposal,44873,Scanner,NA
OPP-200519,ACC-0101,LEAD-105501,2025-12-05,2026-03-29,Closed Lost,64951,Clear Aligners,NA
OPP-200520,ACC-0047,LEAD-106075,2025-03-14,,Negotiation,21629,Imaging,APAC
OPP-200521,ACC-0072,LEAD-100541,2025-11-04,2026-01-31,Closed Won,28825,Imaging,NA
OPP-200522,ACC-0009,LEAD-107859,2024-01-27,,Negotiation,13816,Scanner,APAC
OPP-200523,ACC-0098,LEAD-100359,2024-10-29,,Proposal,23946,Clear Aligners,APAC
OPP-200524,ACC-0249,LEAD-102353,2025-05-03,2025-07-24,Closed Won,30768,Scanner,EMEA
OPP-200525,ACC-0099,LEAD-100719,2025-11-27,,Negotiation,46719,Clear Aligners,APAC
OPP-200526,ACC-0047,LEAD-102817,2024-04-08,,Negotiation,55187,Clear Aligners,NA
OPP-200527,ACC-0123,LEAD-106226,2025-09-05,2025-11-24,Closed Won,18212,Scanner,NA
OPP-200528,ACC-0168,LEAD-106864,2024-04-28,2024-07-30,Closed Won,51504,Clear Aligners,APAC
OPP-200529,ACC-0179,LEAD-100143,2024-05-07,,Negotiation,99920,Clear Aligners,APAC
OPP-200530,ACC-0234,LEAD-105255,2025-04-22,2025-08-09,Closed Won,72236,Clear Aligners,NA
OPP-200531,ACC-0119,LEAD-106203,2024-10-12,2025-01-07,Closed Won,45901,Clear Aligners,APAC
OPP-200532,ACC-0189,LEAD-101464,2025-01-07,2025-02-17,Closed Lost,66656,Clear Aligners,APAC
OPP-200533,ACC-0008,LEAD-103681,2025-09-11,2025-11-21,Closed Won,44902,Clear Aligners,EMEA
OPP-200534,ACC-0088,LEAD-104203,2025-01-14,2025-02-12,Closed Won,41516,Scanner,NA
OPP-200535,ACC-0201,LEAD-106899,2025-09-24,2026-01-19,Closed Lost,96195,Clear Aligners,EMEA
OPP-200536,ACC-0117,LEAD-102003,2025-03-18,2025-06-09,Closed Won,28758,Scanner,NA
OPP-200537,ACC-0023,LEAD-102123,2024-01-19,,Negotiation,36923,Clear Aligners,EMEA
OPP-200538,ACC-0071,LEAD-101122,2024-09-29,,Negotiation,11546,Scanner,NA
OPP-200539,ACC-0170,LEAD-103097,2025-04-19,2025-07-16,Closed Won,58201,Clear Aligners,NA
OPP-200540,ACC-0208,LEAD-104300,2025-06-25,2025-08-05,Closed Lost,48026,Clear Aligners,NA
OPP-200541,ACC-0119,LEAD-102832,2024-09-26,2024-11-15,Closed Won,38317,Clear Aligners,EMEA
OPP-200542,ACC-0009,LEAD-105578,2024-03-24,,Proposal,18483,Scanner,EMEA
OPP-200543,ACC-0209,LEAD-103802,2025-12-09,2026-02-15,Closed Won,57351,Clear Aligners,APAC
OPP-200544,ACC-0237,LEAD-102518,2024-12-09,2025-02-25,Closed Won,15052,Clear Aligners,APAC
OPP-200545,ACC-0101,LEAD-103593,2024-01-04,2024-03-28,Closed Won,42355,Scanner,EMEA
OPP-200546,ACC-0019,LEAD-100164,2024-02-14,,Proposal,43265,Scanner,APAC
OPP-200547,ACC-0199,LEAD-100981,2025-02-19,,Negotiation,71559,Clear Aligners,EMEA
OPP-200548,ACC-0247,LEAD-100986,2025-05-30,,Negotiation,18311,Imaging,APAC
OPP-200549,ACC-0160,LEAD-106074,2024-08-01,2024-11-11,Closed Won,84851,Clear Aligners,APAC
OPP-200550,ACC-0215,LEAD-102362,2024-11-16,,Negotiation,67748,Clear Aligners,APAC
OPP-200551,ACC-0095,LEAD-102019,2025-03-08,2025-04-23,Closed Won,54351,Clear Aligners,EMEA
OPP-200552,ACC-0109,LEAD-107249,2025-10-05,,Proposal,25817,Imaging,NA
OPP-200553,ACC-0109,LEAD-101207,2025-05-18,2025-09-11,Closed Lost,40980,Clear Aligners,EMEA
OPP-200554,ACC-0037,LEAD-107008,2024-02-06,2024-04-16,Closed Won,23033,Imaging,APAC
OPP-200555,ACC-0057,LEAD-105854,2024-02-02,2024-03-22,Closed Won,62102,Clear Aligners,APAC
OPP-200556,ACC-0191,LEAD-100089,2025-10-22,2025-11-29,Closed Won,70905,Clear Aligners,NA
OPP-200557,ACC-0139,LEAD-105177,2025-05-11,,Negotiation,79200,Clear Aligners,APAC
OPP-200558,ACC-0094,LEAD-103376,2025-06-21,,Negotiation,27295,Clear Aligners,APAC
OPP-200559,ACC-0024,LEAD-100401,2024-10-03,,Proposal,78458,Clear Aligners,NA
OPP-200560,ACC-0056,LEAD-100622,2025-02-09,2025-04-30,Closed Won,53989,Clear Aligners,EMEA
OPP-200561,ACC-0104,LEAD-103535,2024-03-08,2024-04-27,Closed Won,39636,Clear Aligners,EMEA
OPP-200562,ACC-0226,LEAD-106058,2025-05-12,,Proposal,59787,Clear Aligners,APAC
OPP-200563,ACC-0116,LEAD-105361,2024-07-26,,Proposal,38437,Imaging,APAC
OPP-200564,ACC-0236,LEAD-106809,2024-10-20,2024-11-04,Closed Won,40474,Imaging,APAC
OPP-200565,ACC-0093,LEAD-107649,2024-11-26,,Negotiation,47728,Scanner,NA
OPP-200566,ACC-0155,LEAD-105299,2024-10-26,,Proposal,50205,Clear Aligners,APAC
OPP-200567,ACC-0055,LEAD-102647,2024-11-22,,Proposal,19197,Imaging,EMEA
OPP-200568,ACC-0092,LEAD-101297,2024-07-29,2024-09-01,Closed Won,47831,Clear Aligners,NA
OPP-200569,ACC-0075,LEAD-105491,2024-01-14,,Negotiation,43161,Scanner,NA
OPP-200570,ACC-0152,LEAD-107565,2025-01-08,2025-04-25,Closed Won,35203,Clear Aligners,EMEA
OPP-200571,ACC-0080,LEAD-105534,2024-10-02,,Proposal,31394,Scanner,EMEA
OPP-200572,ACC-0173,LEAD-100016,2024-04-29,2024-08-24,Closed Won,28569,Imaging,APAC
OPP-200573,ACC-0215,LEAD-101653,2025-02-25,2025-03-19,Closed Won,46697,Clear Aligners,EMEA
OPP-200574,ACC-0226,LEAD-106706,2024-04-29,,Proposal,11933,Imaging,APAC
OPP-200575,ACC-0174,LEAD-101607,2024-01-15,2024-03-10,Closed Lost,31836,Clear Aligners,NA
OPP-200576,ACC-0076,LEAD-104595,2025-05-19,2025-06-07,Closed Won,30884,Imaging,EMEA
OPP-200577,ACC-0019,LEAD-104211,2024-10-05,2024-11-20,Closed Won,73658,Clear Aligners,EMEA
OPP-200578,ACC-0057,LEAD-105653,2024-07-09,,Proposal,75003,Clear Aligners,NA
OPP-200579,ACC-0177,LEAD-100580,2025-01-01,,Negotiation,33132,Imaging,APAC
OPP-200580,ACC-0037,LEAD-101816,2024-01-23,2024-04-15,Closed Lost,57789,Scanner,NA
OPP-200581,ACC-0187,LEAD-106055,2025-07-05,2025-09-03,Closed Lost,45642,Clear Aligners,EMEA
OPP-200582,ACC-0126,LEAD-106602,2024-03-08,,Proposal,42338,Clear Aligners,NA
OPP-200583,ACC-0230,LEAD-101186,2024-06-09,2024-09-21,Closed Won,48557,Scanner,APAC
OPP-200584,ACC-0136,LEAD-101622,2025-11-05,2025-12-13,Closed Lost,71555,Clear Aligners,APAC
OPP-200585,ACC-0145,LEAD-105802,2024-11-04,2025-01-08,Closed Won,22646,Clear Aligners,APAC
OPP-200586,ACC-0089,LEAD-104629,2024-02-02,2024-03-26,Closed Won,57388,Clear Aligners,EMEA
OPP-200587,ACC-0196,LEAD-106153,2025-09-05,2025-10-19,Closed Won,66155,Clear Aligners,APAC
OPP-200588,ACC-0147,LEAD-105579,2024-09-25,2024-11-16,Closed Won,41815,Clear Aligners,APAC
OPP-200589,ACC-0175,LEAD-104560,2024-07-05,,Proposal,65471,Clear Aligners,APAC
OPP-200590,ACC-0083,LEAD-100895,2025-11-18,2025-12-20,Closed Won,31869,Scanner,EMEA
OPP-200591,ACC-0187,LEAD-107729,2025-09-10,,Negotiation,68461,Clear Aligners,APAC
OPP-200592,ACC-0150,LEAD-104436,2024-12-19,2025-02-12,Closed Lost,79987,Clear Aligners,APAC
OPP-200593,ACC-0094,LEAD-101584,2024-05-27,,Proposal,25784,Scanner,APAC
OPP-200594,ACC-0199,LEAD-100573,2024-03-27,,Negotiation,42480,Clear Aligners,EMEA
OPP-200595,ACC-0122,LEAD-106837,2025-05-28,,Negotiation,43776,Clear Aligners,NA
OPP-200596,ACC-0146,LEAD-105835,2024-01-10,2024-01-29,Closed Won,54894,Clear Aligners,EMEA
OPP-200597,ACC-0208,LEAD-105124,2024-03-06,2024-06-15,Closed Won,62518,Clear Aligners,NA
OPP-200598,ACC-0042,LEAD-101848,2025-06-03,,Negotiation,57156,Clear Aligners,NA
OPP-200599,ACC-0197,LEAD-101649,2024-11-24,,Negotiation,61951,Clear Aligners,NA
OPP-200600,ACC-0130,LEAD-107081,2025-11-26,2025-12-31,Closed Won,22842,Imaging,NA
OPP-200601,ACC-0195,LEAD-101418,2024-09-22,2024-12-01,Closed Won,27430,Imaging,NA
OPP-200602,ACC-0036,LEAD-101161,2025-08-08,2025-10-18,Closed Won,33992,Imaging,NA
OPP-200603,ACC-0199,LEAD-101374,2025-10-01,2025-12-24,Closed Won,24929,Imaging,APAC
OPP-200604,ACC-0005,LEAD-107509,2024-10-20,,Negotiation,19624,Scanner,EMEA
OPP-200605,ACC-0024,LEAD-101581,2025-09-05,2025-09-23,Closed Won,68255,Clear Aligners,APAC
OPP-200606,ACC-0083,LEAD-107788,2024-04-19,2024-07-07,Closed Won,45738,Scanner,APAC
OPP-200607,ACC-0092,LEAD-107680,2025-05-19,,Proposal,13834,Imaging,NA
OPP-200608,ACC-0132,LEAD-103842,2025-12-12,2026-04-01,Closed Won,57615,Clear Aligners,APAC
OPP-200609,ACC-0214,LEAD-105902,2025-04-18,,Proposal,64898,Clear Aligners,EMEA
OPP-200610,ACC-0165,LEAD-100209,2024-02-26,,Negotiation,76739,Clear Aligners,NA
OPP-200611,ACC-0010,LEAD-105068,2025-12-13,,Negotiation,35937,Scanner,APAC
OPP-200612,ACC-0023,LEAD-102116,2024-06-17,2024-08-25,Closed Won,5000,Clear Aligners,NA
OPP-200613,ACC-0144,LEAD-105725,2024-08-11,,Proposal,64700,Clear Aligners,APAC
OPP-200614,ACC-0008,LEAD-103004,2024-10-24,2025-02-07,Closed Lost,33166,Scanner,APAC
OPP-200615,ACC-0007,LEAD-101664,2024-08-07,2024-10-06,Closed Won,45304,Scanner,APAC
OPP-200616,ACC-0020,LEAD-104169,2025-11-29,2025-12-21,Closed Lost,38778,Scanner,NA
OPP-200617,ACC-0074,LEAD-104256,2024-12-06,,Negotiation,26002,Imaging,NA
OPP-200618,ACC-0190,LEAD-100480,2025-02-25,2025-04-25,Closed Won,26465,Scanner,APAC
OPP-200619,ACC-0192,LEAD-100224,2024-12-19,2025-04-03,Closed Won,45223,Scanner,APAC
OPP-200620,ACC-0222,LEAD-106338,2025-05-19,2025-09-08,Closed Won,14502,Clear Aligners,APAC
OPP-200621,ACC-0036,LEAD-102661,2025-03-07,2025-05-13,Closed Won,41452,Scanner,NA
OPP-200622,ACC-0225,LEAD-100255,2025-12-18,,Negotiation,69407,Clear Aligners,NA
OPP-200623,ACC-0220,LEAD-102656,2024-11-25,2025-02-06,Closed Lost,37726,Scanner,APAC
OPP-200624,ACC-0025,LEAD-101184,2025-09-03,2025-10-01,Closed Won,79950,Clear Aligners,NA
OPP-200625,ACC-0062,LEAD-104320,2024-08-15,,Proposal,78509,Clear Aligners,APAC
OPP-200626,ACC-0227,LEAD-105607,2025-08-04,2025-11-08,Closed Lost,50678,Clear Aligners,EMEA
OPP-200627,ACC-0209,LEAD-104814,2024-07-10,2024-09-30,Closed Lost,29533,Scanner,NA
OPP-200628,ACC-0165,LEAD-105987,2025-08-21,,Negotiation,92882,Clear Aligners,EMEA
OPP-200629,ACC-0035,LEAD-105006,2024-10-18,,Proposal,24087,Imaging,NA
OPP-200630,ACC-0120,LEAD-106836,2024-04-12,,Negotiation,56881,Clear Aligners,EMEA
OPP-200631,ACC-0024,LEAD-100579,2024-04-21,,Negotiation,24773,Imaging,APAC
OPP-200632,ACC-0023,LEAD-104299,2025-02-21,,Negotiation,34555,Clear Aligners,APAC
OPP-200633,ACC-0030,LEAD-103045,2025-04-30,2025-07-31,Closed Won,81606,Clear Aligners,APAC
OPP-200634,ACC-0098,LEAD-102949,2024-04-09,2024-07-21,Closed Lost,67632,Clear Aligners,EMEA
OPP-200635,ACC-0109,LEAD-105932,2025-09-10,,Proposal,92349,Clear Aligners,APAC
OPP-200636,ACC-0158,LEAD-102854,2024-02-28,,Negotiation,57483,Clear Aligners,NA
OPP-200637,ACC-0087,LEAD-107078,2024-04-01,,Proposal,14817,Imaging,EMEA
OPP-200638,ACC-0003,LEAD-106615,2025-04-22,2025-05-11,Closed Lost,19176,Imaging,APAC
OPP-200639,ACC-0111,LEAD-106614,2025-10-03,2025-10-25,Closed Won,79223,Clear Aligners,NA
OPP-200640,ACC-0220,LEAD-106316,2024-12-13,,Proposal,58685,Clear Aligners,NA
OPP-200641,ACC-0243,LEAD-103277,2025-06-19,2025-09-30,Closed Lost,64159,Clear Aligners,APAC
OPP-200642,ACC-0164,LEAD-106505,2024-02-15,,Negotiation,43850,Clear Aligners,APAC
OPP-200643,ACC-0143,LEAD-107478,2025-11-29,2026-01-11,Closed Won,82304,Clear Aligners,APAC
OPP-200644,ACC-0057,LEAD-106874,2025-07-10,2025-10-12,Closed Lost,72598,Clear Aligners,NA
OPP-200645,ACC-0121,LEAD-104789,2024-12-25,,Proposal,73800,Clear Aligners,NA
OPP-200646,ACC-0171,LEAD-105594,2024-11-22,,Negotiation,39662,Clear Aligners,NA
OPP-200647,ACC-0062,LEAD-103902,2025-03-19,2025-07-15,Closed Lost,20909,Imaging,EMEA
OPP-200648,ACC-0237,LEAD-104016,2024-10-03,2024-10-20,Closed Won,65083,Clear Aligners,NA
OPP-200649,ACC-0230,LEAD-101742,2025-02-11,2025-04-25,Closed Lost,42534,Clear Aligners,APAC
OPP-200650,ACC-0062,LEAD-105868,2024-11-01,2025-01-03,Closed Won,36423,Clear Aligners,NA
OPP-200651,ACC-0060,LEAD-106618,2024-12-31,2025-03-30,Closed Lost,30631,Clear Aligners,NA
OPP-200652,ACC-0201,LEAD-103048,2025-04-24,2025-07-11,Closed Won,42120,Scanner,EMEA
OPP-200653,ACC-0167,LEAD-101962,2025-10-26,,Proposal,41168,Clear Aligners,EMEA
OPP-200654,ACC-0118,LEAD-100221,2024-03-15,2024-06-21,Closed Won,75838,Clear Aligners,EMEA
OPP-200655,ACC-0017,LEAD-103345,2025-08-13,,Negotiation,47893,Clear Aligners,APAC
OPP-200656,ACC-0111,LEAD-107406,2025-11-15,2026-02-03,Closed Won,47508,Clear Aligners,APAC
OPP-200657,ACC-0015,LEAD-102540,2024-03-30,,Proposal,83401,Clear Aligners,EMEA
OPP-200658,ACC-0100,LEAD-104659,2024-11-11,,Negotiation,31531,Clear Aligners,EMEA
OPP-200659,ACC-0166,LEAD-107074,2025-12-19,,Proposal,23284,Imaging,NA
OPP-200660,ACC-0235,LEAD-102983,2025-07-10,2025-08-01,Closed Won,20692,Imaging,EMEA
OPP-200661,ACC-0179,LEAD-101739,2025-02-22,,Negotiation,36872,Imaging,APAC
OPP-200662,ACC-0100,LEAD-100035,2024-01-17,,Negotiation,34534,Clear Aligners,APAC
OPP-200663,ACC-0211,LEAD-103670,2024-04-19,2024-07-23,Closed Won,49913,Clear Aligners,EMEA
OPP-200664,ACC-0179,LEAD-104269,2024-01-27,2024-03-29,Closed Won,30538,Scanner,NA
OPP-200665,ACC-0165,LEAD-107705,2025-05-22,2025-07-02,Closed Won,50852,Clear Aligners,APAC
OPP-200666,ACC-0067,LEAD-104212,2025-04-28,,Proposal,38621,Clear Aligners,EMEA
OPP-200667,ACC-0192,LEAD-106910,2025-01-20,,Proposal,32674,Clear Aligners,APAC
OPP-200668,ACC-0187,LEAD-104342,2025-02-21,2025-06-09,Closed Won,31022,Clear Aligners,NA
OPP-200669,ACC-0150,LEAD-102471,2025-03-01,2025-06-17,Closed Won,53963,Scanner,APAC
OPP-200670,ACC-0108,LEAD-102506,2024-01-14,,Proposal,91718,Clear Aligners,APAC
OPP-200671,ACC-0109,LEAD-101326,2025-05-08,,Negotiation,86194,Clear Aligners,APAC
OPP-200672,ACC-0081,LEAD-104633,2024-08-01,,Proposal,42008,Clear Aligners,NA
OPP-200673,ACC-0082,LEAD-105621,2024-12-17,,Proposal,47474,Clear Aligners,APAC
OPP-200674,ACC-0250,LEAD-103927,2025-04-15,2025-08-09,Closed Won,30686,Clear Aligners,NA
OPP-200675,ACC-0063,LEAD-102746,2025-08-30,,Negotiation,30265,Scanner,NA
OPP-200676,ACC-0197,LEAD-100997,2024-07-01,2024-07-20,Closed Lost,51157,Clear Aligners,EMEA
OPP-200677,ACC-0225,LEAD-105820,2025-06-01,2025-07-26,Closed Lost,60593,Clear Aligners,APAC
OPP-200678,ACC-0170,LEAD-104969,2025-07-12,2025-07-30,Closed Won,44893,Clear Aligners,NA
OPP-200679,ACC-0040,LEAD-105682,2025-11-01,2025-12-03,Closed Won,65807,Clear Aligners,EMEA
OPP-200680,ACC-0103,LEAD-101123,2025-06-15,,Negotiation,19716,Scanner,NA
OPP-200681,ACC-0021,LEAD-101480,2024-08-13,2024-11-12,Closed Won,20945,Imaging,APAC
OPP-200682,ACC-0185,LEAD-107192,2025-01-04,,Proposal,72528,Clear Aligners,NA
OPP-200683,ACC-0074,LEAD-104543,2025-05-04,,Negotiation,64762,Clear Aligners,APAC
OPP-200684,ACC-0002,LEAD-104324,2024-02-05,,Proposal,24901,Clear Aligners,NA
OPP-200685,ACC-0078,LEAD-106880,2025-07-19,,Negotiation,26885,Scanner,NA
OPP-200686,ACC-0219,LEAD-102406,2024-07-10,2024-08-16,Closed Lost,36390,Scanner,EMEA
OPP-200687,ACC-0082,LEAD-107873,2025-03-22,2025-05-06,Closed Won,16849,Imaging,APAC
OPP-200688,ACC-0151,LEAD-101160,2024-08-15,2024-12-06,Closed Won,63781,Clear Aligners,NA
OPP-200689,ACC-0181,LEAD-107762,2024-01-19,2024-05-02,Closed Won,66423,Clear Aligners,EMEA
OPP-200690,ACC-0058,LEAD-107857,2024-11-30,2025-01-12,Closed Lost,36194,Scanner,APAC
OPP-200691,ACC-0142,LEAD-107172,2025-05-22,2025-06-26,Closed Lost,45519,Clear Aligners,NA
OPP-200692,ACC-0142,LEAD-100584,2025-02-09,,Proposal,91926,Clear Aligners,NA
OPP-200693,ACC-0005,LEAD-105804,2025-01-22,2025-03-26,Closed Won,32340,Clear Aligners,NA
OPP-200694,ACC-0106,LEAD-104544,2024-12-22,2025-02-21,Closed Won,30807,Scanner,APAC
OPP-200695,ACC-0142,LEAD-100125,2025-05-12,,Negotiation,73607,Clear Aligners,NA
OPP-200696,ACC-0033,LEAD-103316,2025-08-23,2025-09-26,Closed Won,32649,Imaging,APAC
OPP-200697,ACC-0002,LEAD-101647,2024-06-09,,Proposal,58490,Clear Aligners,NA
OPP-200698,ACC-0101,LEAD-103353,2024-08-01,,Negotiation,45546,Scanner,APAC
OPP-200699,ACC-0225,LEAD-100636,2024-04-20,2024-07-24,Closed Lost,68577,Clear Aligners,NA
OPP-200700,ACC-0073,LEAD-100465,2025-05-15,2025-07-07,Closed Won,51431,Clear Aligners,APAC
OPP-200701,ACC-0153,LEAD-107848,2024-01-12,2024-03-28,Closed Won,21768,Imaging,EMEA
OPP-200702,ACC-0234,LEAD-104232,2024-08-27,,Proposal,26166,Clear Aligners,NA
OPP-200703,ACC-0250,LEAD-105209,2025-10-30,,Negotiation,31335,Clear Aligners,NA
OPP-200704,ACC-0064,LEAD-100652,2025-01-25,,Negotiation,21664,Imaging,EMEA
OPP-200705,ACC-0250,LEAD-100457,2024-11-16,2024-12-31,Closed Won,89372,Clear Aligners,NA
OPP-200706,ACC-0002,LEAD-107948,2024-01-07,,Negotiation,39999,Scanner,EMEA
OPP-200707,ACC-0231,LEAD-105810,2025-03-15,,Proposal,66069,Clear Aligners,EMEA
OPP-200708,ACC-0141,LEAD-100074,2025-09-05,2025-09-23,Closed Won,45528,Clear Aligners,NA
OPP-200709,ACC-0228,LEAD-104785,2024-02-20,2024-04-25,Closed Lost,41444,Imaging,NA
OPP-200710,ACC-0185,LEAD-107598,2024-02-26,,Proposal,73897,Clear Aligners,NA
OPP-200711,ACC-0243,LEAD-105326,2024-06-23,2024-09-29,Closed Won,37859,Clear Aligners,EMEA
OPP-200712,ACC-0181,LEAD-106193,2025-05-11,2025-09-08,Closed Won,79633,Clear Aligners,APAC
OPP-200713,ACC-0128,LEAD-100051,2024-11-16,2024-12-26,Closed Won,54781,Clear Aligners,NA
OPP-200714,ACC-0052,LEAD-105072,2024-05-13,,Proposal,28871,Scanner,NA
OPP-200715,ACC-0232,LEAD-107843,2025-05-13,,Proposal,79784,Clear Aligners,EMEA
OPP-200716,ACC-0221,LEAD-102332,2024-03-17,,Negotiation,43265,Scanner,NA
OPP-200717,ACC-0098,LEAD-103503,2025-07-26,,Proposal,79724,Clear Aligners,EMEA
OPP-200718,ACC-0045,LEAD-100644,2025-03-20,,Proposal,15560,Imaging,APAC
OPP-200719,ACC-0238,LEAD-101224,2025-12-13,,Negotiation,24287,Scanner,NA
OPP-200720,ACC-0031,LEAD-101553,2024-01-13,2024-03-27,Closed Won,46643,Clear Aligners,APAC
OPP-200721,ACC-0065,LEAD-105197,2025-09-14,2025-12-14,Closed Won,40150,Clear Aligners,APAC
OPP-200722,ACC-0012,LEAD-104295,2024-03-06,,Proposal,34882,Imaging,APAC
OPP-200723,ACC-0139,LEAD-107181,2025-03-15,2025-07-06,Closed Won,24707,Clear Aligners,EMEA
OPP-200724,ACC-0163,LEAD-101930,2024-11-20,,Negotiation,31625,Clear Aligners,APAC
OPP-200725,ACC-0229,LEAD-100212,2025-07-18,2025-11-14,Closed Won,23333,Clear Aligners,NA
OPP-200726,ACC-0213,LEAD-106158,2025-11-05,2026-01-22,Closed Won,56363,Clear Aligners,APAC
OPP-200727,ACC-0091,LEAD-101599,2025-06-09,2025-07-19,Closed Lost,36708,Imaging,EMEA
OPP-200728,ACC-0044,LEAD-102413,2024-02-22,2024-04-04,Closed Won,66281,Clear Aligners,APAC
OPP-200729,ACC-0036,LEAD-104128,2024-03-29,,Proposal,38796,Scanner,NA
OPP-200730,ACC-0153,LEAD-102379,2024-04-30,2024-08-12,Closed Won,23082,Scanner,APAC
OPP-200731,ACC-0034,LEAD-101107,2025-09-27,,Proposal,42574,Clear Aligners,EMEA
OPP-200732,ACC-0250,LEAD-107587,2024-02-09,2024-05-10,Closed Lost,52941,Clear Aligners,NA
OPP-200733,ACC-0002,LEAD-102485,2024-11-26,2025-01-21,Closed Won,42704,Scanner,APAC
OPP-200734,ACC-0048,LEAD-104558,2024-11-20,,Proposal,16415,Imaging,NA
OPP-200735,ACC-0022,LEAD-100727,2025-01-25,,Negotiation,22400,Clear Aligners,NA
OPP-200736,ACC-0248,LEAD-104851,2024-08-23,,Proposal,88080,Clear Aligners,APAC
OPP-200737,ACC-0095,LEAD-102468,2024-06-16,2024-08-23,Closed Lost,48093,Clear Aligners,APAC
OPP-200738,ACC-0183,LEAD-104102,2024-01-05,,Proposal,30862,Scanner,NA
OPP-200739,ACC-0002,LEAD-102451,2025-09-10,,Negotiation,19782,Imaging,NA
OPP-200740,ACC-0188,LEAD-100931,2025-05-05,2025-06-15,Closed Lost,53595,Clear Aligners,EMEA
OPP-200741,ACC-0186,LEAD-107530,2025-08-07,2025-11-11,Closed Lost,35703,Clear Aligners,NA
OPP-200742,ACC-0052,LEAD-100944,2025-08-27,,Proposal,56331,Clear Aligners,NA
OPP-200743,ACC-0215,LEAD-106985,2025-02-20,2025-05-02,Closed Won,84041,Clear Aligners,EMEA
OPP-200744,ACC-0165,LEAD-105110,2024-08-18,2024-10-25,Closed Won,61022,Clear Aligners,EMEA
OPP-200745,ACC-0196,LEAD-100295,2025-03-13,2025-06-27,Closed Lost,23635,Imaging,NA
OPP-200746,ACC-0074,LEAD-104733,2025-11-11,2026-01-27,Closed Won,75212,Clear Aligners,EMEA
OPP-200747,ACC-0167,LEAD-103073,2025-05-29,2025-07-25,Closed Won,43465,Scanner,APAC
OPP-200748,ACC-0217,LEAD-104219,2024-08-14,2024-10-24,Closed Won,69213,Clear Aligners,NA
OPP-200749,ACC-0088,LEAD-104848,2024-09-09,2024-09-24,Closed Lost,69534,Clear Aligners,NA
OPP-200750,ACC-0146,LEAD-104220,2025-08-24,2025-12-16,Closed Won,58471,Clear Aligners,NA
OPP-200751,ACC-0017,LEAD-102501,2025-01-09,2025-02-07,Closed Won,60634,Clear Aligners,APAC
OPP-200752,ACC-0110,LEAD-105848,2024-05-03,,Negotiation,23786,Scanner,NA
OPP-200753,ACC-0014,LEAD-106773,2024-03-24,2024-04-23,Closed Lost,38697,Scanner,NA
OPP-200754,ACC-0228,LEAD-106300,2024-10-15,2024-11-02,Closed Won,50292,Clear Aligners,APAC
OPP-200755,ACC-0180,LEAD-105695,2025-11-11,2025-12-17,Closed Lost,27499,Imaging,NA
OPP-200756,ACC-0162,LEAD-100081,2025-03-03,,Negotiation,49667,Clear Aligners,APAC
OPP-200757,ACC-0031,LEAD-105602,2024-03-03,2024-05-01,Closed Won,24509,Scanner,APAC
OPP-200758,ACC-0216,LEAD-107630,2025-08-21,2025-10-25,Closed Won,36533,Imaging,NA
OPP-200759,ACC-0182,LEAD-107221,2024-09-10,2025-01-02,Closed Won,55460,Clear Aligners,EMEA
OPP-200760,ACC-0114,LEAD-100407,2024-06-20,,Proposal,35397,Imaging,NA
OPP-200761,ACC-0076,LEAD-104450,2025-09-13,2025-11-04,Closed Won,67833,Clear Aligners,EMEA
OPP-200762,ACC-0041,LEAD-105229,2025-09-08,,Negotiation,28676,Imaging,APAC
OPP-200763,ACC-0129,LEAD-107410,2025-03-12,,Proposal,31361,Clear Aligners,APAC
OPP-200764,ACC-0227,LEAD-101270,2025-02-28,2025-05-08,Closed Won,109850,Clear Aligners,NA
OPP-200765,ACC-0101,LEAD-103225,2025-02-22,2025-05-24,Closed Won,55272,Clear Aligners,APAC
OPP-200766,ACC-0136,LEAD-104891,2025-07-17,,Negotiation,26025,Imaging,EMEA
OPP-200767,ACC-0015,LEAD-101204,2024-08-24,2024-11-13,Closed Won,44034,Clear Aligners,APAC
OPP-200768,ACC-0051,LEAD-104532,2024-07-26,2024-09-13,Closed Lost,55238,Clear Aligners,NA
OPP-200769,ACC-0042,LEAD-100153,2024-10-22,,Negotiation,28499,Scanner,EMEA
OPP-200770,ACC-0097,LEAD-102850,2025-07-16,,Negotiation,18440,Scanner,APAC
OPP-200771,ACC-0009,LEAD-107025,2024-02-12,2024-05-21,Closed Lost,23360,Scanner,NA
OPP-200772,ACC-0201,LEAD-104052,2025-02-09,2025-05-09,Closed Won,44558,Scanner,EMEA
OPP-200773,ACC-0106,LEAD-101483,2025-04-18,,Proposal,45926,Clear Aligners,NA
OPP-200774,ACC-0237,LEAD-101514,2024-10-10,2025-02-01,Closed Won,35972,Clear Aligners,NA
OPP-200775,ACC-0177,LEAD-107761,2024-07-17,,Proposal,23802,Scanner,NA
OPP-200776,ACC-0181,LEAD-103717,2024-05-04,2024-05-27,Closed Lost,46230,Clear Aligners,EMEA
OPP-200777,ACC-0171,LEAD-101686,2024-02-07,,Proposal,66236,Clear Aligners,NA
OPP-200778,ACC-0140,LEAD-100313,2024-02-26,,Proposal,14547,Scanner,EMEA
OPP-200779,ACC-0001,LEAD-105222,2024-01-01,2024-02-09,Closed Lost,65951,Clear Aligners,APAC
OPP-200780,ACC-0140,LEAD-102440,2025-07-19,,Proposal,13739,Imaging,NA
OPP-200781,ACC-0094,LEAD-107021,2024-04-15,2024-07-01,Closed Won,53349,Scanner,NA
OPP-200782,ACC-0153,LEAD-104089,2024-07-03,2024-10-10,Closed Won,27837,Imaging,NA
OPP-200783,ACC-0209,LEAD-101310,2025-11-22,,Proposal,62063,Clear Aligners,NA
OPP-200784,ACC-0124,LEAD-106016,2024-12-29,2025-02-18,Closed Won,48048,Clear Aligners,APAC
OPP-200785,ACC-0087,LEAD-102777,2024-02-24,2024-03-20,Closed Won,35853,Clear Aligners,EMEA
OPP-200786,ACC-0064,LEAD-102627,2024-02-22,,Negotiation,32461,Imaging,NA
OPP-200787,ACC-0194,LEAD-104063,2024-07-15,,Proposal,37891,Clear Aligners,APAC
OPP-200788,ACC-0095,LEAD-101075,2024-10-15,2025-01-02,Closed Won,7185,Clear Aligners,NA
OPP-200789,ACC-0046,LEAD-104816,2024-11-14,,Proposal,74874,Clear Aligners,APAC
OPP-200790,ACC-0035,LEAD-100605,2024-07-03,,Proposal,25681,Imaging,APAC
OPP-200791,ACC-0054,LEAD-106700,2025-08-24,2025-10-17,Closed Won,70149,Scanner,APAC
OPP-200792,ACC-0016,LEAD-104882,2024-06-28,,Negotiation,79662,Clear Aligners,APAC
OPP-200793,ACC-0192,LEAD-100315,2025-08-15,2025-11-24,Closed Won,55202,Clear Aligners,NA
OPP-200794,ACC-0163,LEAD-107304,2025-05-25,2025-07-06,Closed Won,29467,Clear Aligners,NA
OPP-200795,ACC-0133,LEAD-103985,2024-02-28,,Proposal,63967,Clear Aligners,APAC
OPP-200796,ACC-0045,LEAD-100507,2024-05-15,2024-06-10,Closed Lost,36928,Clear Aligners,EMEA
OPP-200797,ACC-0117,LEAD-105211,2025-06-04,2025-06-20,Closed Won,33471,Scanner,APAC
OPP-200798,ACC-0073,LEAD-107967,2025-04-01,,Proposal,49589,Clear Aligners,EMEA
OPP-200799,ACC-0062,LEAD-107923,2025-11-01,,Negotiation,44026,Clear Aligners,APAC
OPP-200800,ACC-0092,LEAD-106780,2025-07-11,2025-08-04,Closed Won,30454,Clear Aligners,NA
OPP-200801,ACC-0082,LEAD-103843,2024-07-14,,Proposal,36605,Scanner,APAC
OPP-200802,ACC-0065,LEAD-107032,2025-12-18,,Proposal,59082,Scanner,EMEA
OPP-200803,ACC-0062,LEAD-102902,2025-09-06,,Proposal,49072,Clear Aligners,EMEA
OPP-200804,ACC-0125,LEAD-100730,2024-07-03,,Negotiation,84228,Clear Aligners,APAC
OPP-200805,ACC-0096,LEAD-101557,2025-09-04,,Negotiation,66099,Clear Aligners,NA
OPP-200806,ACC-0147,LEAD-102673,2025-03-22,,Negotiation,29122,Scanner,EMEA
OPP-200807,ACC-0078,LEAD-104674,2024-04-26,2024-06-01,Closed Won,29574,Imaging,EMEA
OPP-200808,ACC-0129,LEAD-104238,2024-06-10,,Proposal,29832,Scanner,NA
OPP-200809,ACC-0146,LEAD-101918,2025-03-29,2025-06-23,Closed Lost,46396,Scanner,NA
OPP-200810,ACC-0140,LEAD-100060,2024-10-12,2024-11-13,Closed Won,33196,Clear Aligners,EMEA
OPP-200811,ACC-0014,LEAD-104222,2025-09-18,2026-01-02,Closed Lost,47946,Clear Aligners,NA
OPP-200812,ACC-0220,LEAD-102880,2024-02-28,,Proposal,68692,Clear Aligners,APAC
OPP-200813,ACC-0183,LEAD-100991,2025-08-23,,Negotiation,17918,Clear Aligners,APAC
OPP-200814,ACC-0163,LEAD-105419,2025-12-05,2026-02-17,Closed Lost,40219,Clear Aligners,NA
OPP-200815,ACC-0120,LEAD-106006,2024-10-01,2024-10-25,Closed Lost,20183,Imaging,EMEA
OPP-200816,ACC-0079,LEAD-101787,2025-09-06,,Proposal,15526,Imaging,NA
OPP-200817,ACC-0001,LEAD-106400,2024-06-03,2024-06-27,Closed Won,46534,Clear Aligners,APAC
OPP-200818,ACC-0225,LEAD-102085,2025-02-04,2025-03-23,Closed Won,50561,Clear Aligners,APAC
OPP-200819,ACC-0141,LEAD-107429,2024-06-01,,Proposal,25241,Clear Aligners,APAC
OPP-200820,ACC-0155,LEAD-104467,2025-04-03,2025-07-24,Closed Won,6471,Imaging,APAC
OPP-200821,ACC-0153,LEAD-107548,2025-08-11,,Negotiation,44310,Clear Aligners,EMEA
OPP-200822,ACC-0187,LEAD-100918,2025-01-13,,Proposal,67398,Clear Aligners,EMEA
OPP-200823,ACC-0104,LEAD-103517,2024-09-15,2024-12-08,Closed Lost,51209,Clear Aligners,EMEA
OPP-200824,ACC-0138,LEAD-104564,2024-06-02,,Negotiation,10106,Imaging,NA
OPP-200825,ACC-0057,LEAD-104624,2025-09-15,,Negotiation,29090,Imaging,NA
OPP-200826,ACC-0209,LEAD-107751,2024-12-10,2025-03-21,Closed Won,75696,Clear Aligners,APAC
OPP-200827,ACC-0126,LEAD-101103,2025-07-21,2025-10-15,Closed Won,33131,Scanner,APAC
OPP-200828,ACC-0216,LEAD-101208,2024-01-16,2024-02-18,Closed Won,33881,Clear Aligners,APAC
OPP-200829,ACC-0236,LEAD-106918,2025-07-01,2025-10-20,Closed Won,75833,Clear Aligners,APAC
OPP-200830,ACC-0228,LEAD-102645,2025-08-24,,Negotiation,94395,Clear Aligners,APAC
OPP-200831,ACC-0030,LEAD-100025,2025-10-22,2026-01-06,Closed Won,28048,Scanner,EMEA
OPP-200832,ACC-0247,LEAD-107037,2025-10-24,2026-01-25,Closed Lost,51405,Clear Aligners,EMEA
OPP-200833,ACC-0144,LEAD-101886,2025-08-09,2025-10-18,Closed Won,29213,Clear Aligners,APAC
OPP-200834,ACC-0225,LEAD-107824,2024-05-17,,Negotiation,72320,Clear Aligners,APAC
OPP-200835,ACC-0045,LEAD-105586,2024-10-08,,Negotiation,91137,Clear Aligners,APAC
OPP-200836,ACC-0110,LEAD-100022,2025-02-21,2025-04-16,Closed Won,53352,Clear Aligners,NA
OPP-200837,ACC-0250,LEAD-101091,2024-11-28,,Proposal,65769,Clear Aligners,APAC
OPP-200838,ACC-0162,LEAD-101358,2025-01-28,2025-02-13,Closed Won,21606,Scanner,EMEA
OPP-200839,ACC-0068,LEAD-101137,2025-04-03,,Proposal,76747,Clear Aligners,APAC
OPP-200840,ACC-0080,LEAD-102420,2025-10-27,,Proposal,34393,Scanner,NA
OPP-200841,ACC-0232,LEAD-105812,2025-03-05,2025-03-27,Closed Lost,68848,Clear Aligners,NA
OPP-200842,ACC-0144,LEAD-107766,2024-05-07,2024-08-23,Closed Lost,59178,Clear Aligners,NA
OPP-200843,ACC-0105,LEAD-105239,2024-08-26,,Negotiation,47585,Clear Aligners,NA
OPP-200844,ACC-0158,LEAD-102885,2025-07-09,2025-07-28,Closed Won,10523,Imaging,APAC
OPP-200845,ACC-0003,LEAD-101448,2024-08-06,2024-10-25,Closed Won,72347,Clear Aligners,APAC
OPP-200846,ACC-0079,LEAD-104974,2024-05-21,2024-08-20,Closed Lost,27910,Clear Aligners,NA
OPP-200847,ACC-0241,LEAD-104053,2024-06-17,,Negotiation,48059,Clear Aligners,EMEA
OPP-200848,ACC-0098,LEAD-106906,2025-01-01,,Proposal,35629,Clear Aligners,APAC
OPP-200849,ACC-0220,LEAD-100286,2024-10-23,2025-01-06,Closed Won,29029,Imaging,APAC
OPP-200850,ACC-0159,LEAD-104191,2024-10-07,,Negotiation,46245,Scanner,NA
OPP-200851,ACC-0047,LEAD-105004,2025-08-15,2025-10-29,Closed Won,45970,Clear Aligners,NA
OPP-200852,ACC-0003,LEAD-105745,2025-06-19,,Negotiation,69165,Clear Aligners,APAC
OPP-200853,ACC-0051,LEAD-101415,2025-05-18,2025-08-16,Closed Won,45718,Clear Aligners,APAC
OPP-200854,ACC-0174,LEAD-105666,2025-07-25,2025-09-22,Closed Lost,48426,Clear Aligners,EMEA
OPP-200855,ACC-0097,LEAD-107031,2024-06-16,2024-10-06,Closed Won,59832,Clear Aligners,APAC
OPP-200856,ACC-0022,LEAD-103626,2024-02-06,2024-03-15,Closed Won,52320,Clear Aligners,APAC
OPP-200857,ACC-0240,LEAD-100685,2024-02-29,,Proposal,66337,Clear Aligners,EMEA
OPP-200858,ACC-0231,LEAD-102795,2025-04-14,2025-08-02,Closed Won,78918,Clear Aligners,NA
OPP-200859,ACC-0066,LEAD-103550,2025-08-07,2025-10-08,Closed Won,69126,Clear Aligners,NA
OPP-200860,ACC-0127,LEAD-107195,2025-09-09,2025-09-25,Closed Won,23004,Imaging,APAC
OPP-200861,ACC-0210,LEAD-104881,2024-08-05,,Proposal,53934,Clear Aligners,APAC
OPP-200862,ACC-0221,LEAD-104307,2024-01-24,,Proposal,31899,Scanner,APAC
OPP-200863,ACC-0003,LEAD-101113,2024-07-01,2024-09-09,Closed Won,46637,Scanner,APAC
OPP-200864,ACC-0126,LEAD-107865,2025-08-09,2025-09-12,Closed Won,59600,Clear Aligners,APAC
OPP-200865,ACC-0024,LEAD-105576,2025-10-08,2025-12-05,Closed Won,37248,Clear Aligners,NA
OPP-200866,ACC-0160,LEAD-101904,2024-02-11,2024-06-02,Closed Won,43238,Scanner,NA
OPP-200867,ACC-0218,LEAD-107225,2024-01-30,,Negotiation,51415,Clear Aligners,NA
OPP-200868,ACC-0226,LEAD-107669,2025-08-11,,Proposal,52611,Clear Aligners,EMEA
OPP-200869,ACC-0031,LEAD-107799,2025-02-03,,Negotiation,49519,Clear Aligners,NA
OPP-200870,ACC-0029,LEAD-101403,2024-10-17,2024-12-26,Closed Won,22599,Clear Aligners,NA
OPP-200871,ACC-0182,LEAD-105781,2024-02-17,2024-04-17,Closed Lost,65128,Clear Aligners,APAC
OPP-200872,ACC-0022,LEAD-100798,2025-07-24,2025-11-14,Closed Won,34712,Scanner,NA
OPP-200873,ACC-0067,LEAD-107137,2025-08-02,,Proposal,15077,Clear Aligners,NA
OPP-200874,ACC-0060,LEAD-100163,2025-05-05,2025-06-11,Closed Lost,40619,Scanner,EMEA
OPP-200875,ACC-0056,LEAD-105506,2025-01-18,2025-05-16,Closed Won,55075,Clear Aligners,APAC
OPP-200876,ACC-0015,LEAD-106274,2024-12-26,2025-04-18,Closed Lost,41857,Clear Aligners,APAC
OPP-200877,ACC-0211,LEAD-104991,2024-03-01,2024-05-29,Closed Lost,34100,Scanner,APAC
OPP-200878,ACC-0094,LEAD-100321,2024-08-16,,Negotiation,48793,Clear Aligners,NA
OPP-200879,ACC-0226,LEAD-102753,2025-02-12,2025-04-02,Closed Lost,65342,Clear Aligners,APAC
OPP-200880,ACC-0249,LEAD-103801,2025-12-12,2026-04-03,Closed Won,47093,Clear Aligners,NA
OPP-200881,ACC-0173,LEAD-105283,2024-02-08,,Proposal,74254,Clear Aligners,EMEA
OPP-200882,ACC-0122,LEAD-106641,2024-03-20,2024-05-20,Closed Lost,73963,Clear Aligners,APAC
OPP-200883,ACC-0117,LEAD-101934,2024-11-01,2025-01-17,Closed Won,55803,Clear Aligners,APAC
OPP-200884,ACC-0002,LEAD-100190,2024-09-12,,Negotiation,21387,Imaging,NA
OPP-200885,ACC-0085,LEAD-105408,2025-03-22,2025-07-17,Closed Lost,34780,Clear Aligners,APAC
OPP-200886,ACC-0153,LEAD-107385,2025-07-05,,Negotiation,37898,Scanner,EMEA
OPP-200887,ACC-0171,LEAD-102781,2025-12-05,,Proposal,32682,Scanner,NA
OPP-200888,ACC-0020,LEAD-101164,2025-06-20,2025-07-07,Closed Won,46272,Clear Aligners,EMEA
OPP-200889,ACC-0215,LEAD-103778,2024-09-23,2025-01-06,Closed Won,20031,Imaging,APAC
OPP-200890,ACC-0230,LEAD-101386,2024-04-28,2024-08-09,Closed Won,39437,Clear Aligners,NA
OPP-200891,ACC-0188,LEAD-107480,2025-06-10,2025-07-23,Closed Lost,35801,Clear Aligners,APAC
OPP-200892,ACC-0213,LEAD-107039,2024-11-03,,Negotiation,76058,Clear Aligners,NA
OPP-200893,ACC-0194,LEAD-105002,2024-03-08,2024-07-06,Closed Won,67850,Clear Aligners,NA
OPP-200894,ACC-0197,LEAD-104883,2025-01-23,,Negotiation,57461,Clear Aligners,NA
OPP-200895,ACC-0199,LEAD-103971,2024-07-19,2024-08-29,Closed Won,16494,Imaging,APAC
OPP-200896,ACC-0038,LEAD-103270,2025-06-20,,Proposal,40944,Clear Aligners,APAC
OPP-200897,ACC-0225,LEAD-106749,2025-05-24,2025-07-06,Closed Lost,29326,Clear Aligners,APAC
OPP-200898,ACC-0214,LEAD-104775,2025-07-18,,Negotiation,45557,Clear Aligners,APAC
OPP-200899,ACC-0133,LEAD-101432,2025-03-24,2025-05-05,Closed Lost,79787,Clear Aligners,NA
OPP-200900,ACC-0071,LEAD-100353,2024-09-02,2024-11-03,Closed Won,25497,Scanner,NA
OPP-200901,ACC-0173,LEAD-102638,2024-07-16,2024-10-13,Closed Won,68157,Clear Aligners,EMEA
OPP-200902,ACC-0233,LEAD-107744,2025-12-11,2026-02-08,Closed Lost,49153,Scanner,EMEA
OPP-200903,ACC-0126,LEAD-101076,2024-01-16,,Negotiation,38398,Scanner,EMEA
OPP-200904,ACC-0165,LEAD-106932,2024-12-09,2025-02-17,Closed Won,26397,Clear Aligners,EMEA
OPP-200905,ACC-0185,LEAD-103106,2024-06-30,2024-10-08,Closed Won,78671,Clear Aligners,APAC
OPP-200906,ACC-0213,LEAD-104677,2024-09-16,2024-11-28,Closed Won,25639,Scanner,EMEA
OPP-200907,ACC-0101,LEAD-100861,2025-10-26,2025-12-18,Closed Won,49095,Clear Aligners,APAC
OPP-200908,ACC-0174,LEAD-103542,2025-07-13,2025-10-04,Closed Lost,47169,Scanner,EMEA
OPP-200909,ACC-0179,LEAD-106280,2025-04-29,,Negotiation,70953,Clear Aligners,APAC
OPP-200910,ACC-0075,LEAD-107412,2025-09-26,,Negotiation,74868,Clear Aligners,EMEA
OPP-200911,ACC-0001,LEAD-101353,2024-05-17,,Proposal,46556,Clear Aligners,APAC
OPP-200912,ACC-0150,LEAD-102405,2024-10-15,2024-12-10,Closed Won,69288,Clear Aligners,EMEA
OPP-200913,ACC-0007,LEAD-100716,2025-01-02,,Negotiation,55843,Clear Aligners,NA
OPP-200914,ACC-0183,LEAD-101350,2025-03-21,2025-05-28,Closed Lost,40694,Clear Aligners,NA
OPP-200915,ACC-0092,LEAD-103786,2024-11-13,,Proposal,33850,Clear Aligners,APAC
OPP-200916,ACC-0087,LEAD-101302,2024-08-02,2024-10-28,Closed Won,38866,Clear Aligners,EMEA
OPP-200917,ACC-0186,LEAD-103330,2024-03-09,2024-07-01,Closed Won,58724,Clear Aligners,NA
OPP-200918,ACC-0002,LEAD-102154,2024-09-06,2024-09-30,Closed Won,25228,Scanner,EMEA
OPP-200919,ACC-0196,LEAD-107988,2024-08-31,2024-12-18,Closed Won,41577,Clear Aligners,EMEA
OPP-200920,ACC-0241,LEAD-102981,2024-07-03,2024-08-05,Closed Won,24479,Imaging,APAC
OPP-200921,ACC-0183,LEAD-101050,2025-07-07,2025-09-08,Closed Won,62335,Scanner,APAC
OPP-200922,ACC-0050,LEAD-103961,2025-02-17,,Negotiation,39506,Clear Aligners,NA
OPP-200923,ACC-0141,LEAD-106759,2025-12-20,2026-04-06,Closed Lost,52496,Clear Aligners,APAC
OPP-200924,ACC-0232,LEAD-102813,2024-06-27,2024-10-13,Closed Won,17155,Scanner,EMEA
OPP-200925,ACC-0105,LEAD-105517,2024-05-20,2024-08-19,Closed Lost,73381,Clear Aligners,APAC
OPP-200926,ACC-0154,LEAD-101292,2024-02-08,2024-04-13,Closed Lost,20277,Imaging,APAC
OPP-200927,ACC-0086,LEAD-106582,2024-02-03,,Negotiation,63150,Clear Aligners,EMEA
OPP-200928,ACC-0216,LEAD-103064,2025-09-11,2025-11-15,Closed Lost,60617,Clear Aligners,NA
OPP-200929,ACC-0024,LEAD-106996,2024-03-28,2024-07-16,Closed Won,32104,Scanner,EMEA
OPP-200930,ACC-0236,LEAD-104635,2024-05-23,2024-09-11,Closed Won,23374,Clear Aligners,APAC
OPP-200931,ACC-0073,LEAD-106694,2024-05-21,,Negotiation,59731,Clear Aligners,APAC
OPP-200932,ACC-0097,LEAD-106791,2025-07-10,2025-09-08,Closed Lost,15116,Clear Aligners,APAC
OPP-200933,ACC-0228,LEAD-101786,2025-01-11,2025-03-22,Closed Lost,44339,Clear Aligners,NA
OPP-200934,ACC-0156,LEAD-101684,2024-04-26,,Negotiation,27766,Scanner,APAC
OPP-200935,ACC-0130,LEAD-107998,2025-11-23,2026-01-30,Closed Won,67645,Clear Aligners,EMEA
OPP-200936,ACC-0144,LEAD-107689,2025-10-16,,Proposal,56857,Clear Aligners,APAC
OPP-200937,ACC-0144,LEAD-100240,2025-02-15,2025-03-03,Closed Lost,25809,Scanner,NA
OPP-200938,ACC-0079,LEAD-106842,2025-09-11,,Negotiation,31644,Clear Aligners,APAC
OPP-200939,ACC-0018,LEAD-100979,2025-06-12,,Proposal,32277,Scanner,EMEA
OPP-200940,ACC-0219,LEAD-103882,2024-04-28,2024-07-15,Closed Won,22538,Scanner,NA
OPP-200941,ACC-0188,LEAD-105317,2024-01-11,2024-05-03,Closed Lost,22888,Scanner,EMEA
OPP-200942,ACC-0135,LEAD-104002,2024-11-18,2025-03-11,Closed Won,8083,Clear Aligners,EMEA
OPP-200943,ACC-0228,LEAD-100042,2024-11-25,2025-02-21,Closed Lost,45224,Scanner,EMEA
OPP-200944,ACC-0229,LEAD-104696,2025-05-19,2025-07-28,Closed Won,49188,Clear Aligners,EMEA
OPP-200945,ACC-0237,LEAD-101761,2024-07-12,2024-11-06,Closed Lost,79355,Clear Aligners,APAC
OPP-200946,ACC-0086,LEAD-101521,2024-03-19,,Negotiation,24119,Imaging,NA
OPP-200947,ACC-0212,LEAD-101682,2024-03-06,2024-04-20,Closed Lost,18762,Clear Aligners,EMEA
OPP-200948,ACC-0043,LEAD-104279,2024-09-08,2025-01-05,Closed Won,14044,Imaging,APAC
OPP-200949,ACC-0174,LEAD-103259,2025-10-14,2026-01-16,Closed Lost,89299,Clear Aligners,EMEA
OPP-200950,ACC-0121,LEAD-103532,2024-04-12,2024-05-17,Closed Won,64591,Clear Aligners,EMEA
OPP-200951,ACC-0090,LEAD-103325,2024-01-24,2024-04-21,Closed Lost,43479,Scanner,APAC
OPP-200952,ACC-0042,LEAD-104926,2025-10-22,,Proposal,60059,Clear Aligners,NA
OPP-200953,ACC-0066,LEAD-107159,2024-07-04,,Negotiation,34351,Clear Aligners,APAC
OPP-200954,ACC-0134,LEAD-100193,2024-05-18,2024-09-09,Closed Won,71376,Clear Aligners,APAC
OPP-200955,ACC-0184,LEAD-107505,2025-03-31,2025-05-07,Closed Lost,18249,Imaging,NA
OPP-200956,ACC-0135,LEAD-106063,2025-03-11,2025-04-08,Closed Won,33337,Imaging,APAC
OPP-200957,ACC-0241,LEAD-104445,2024-07-10,2024-08-02,Closed Lost,17550,Scanner,NA
OPP-200958,ACC-0005,LEAD-100639,2025-12-04,2026-01-14,Closed Lost,78012,Clear Aligners,EMEA
OPP-200959,ACC-0155,LEAD-105463,2025-10-05,2025-10-20,Closed Won,45063,Clear Aligners,EMEA
OPP-200960,ACC-0066,LEAD-101561,2024-05-20,2024-06-11,Closed Lost,36336,Imaging,NA
OPP-200961,ACC-0095,LEAD-103005,2024-09-11,2024-12-29,Closed Lost,38016,Clear Aligners,APAC
OPP-200962,ACC-0234,LEAD-103479,2024-06-12,2024-09-29,Closed Won,30435,Imaging,APAC
OPP-200963,ACC-0013,LEAD-104524,2025-07-26,2025-09-22,Closed Won,19977,Imaging,EMEA
OPP-200964,ACC-0022,LEAD-102733,2025-03-17,,Negotiation,60539,Clear Aligners,EMEA
OPP-200965,ACC-0139,LEAD-107323,2024-01-04,2024-03-03,Closed Won,40040,Scanner,APAC
OPP-200966,ACC-0238,LEAD-102063,2025-07-13,2025-09-30,Closed Won,37052,Clear Aligners,EMEA
OPP-200967,ACC-0083,LEAD-100460,2024-06-26,,Proposal,29799,Scanner,NA
OPP-200968,ACC-0200,LEAD-106204,2025-06-06,,Negotiation,28784,Clear Aligners,NA
OPP-200969,ACC-0145,LEAD-103862,2024-03-11,2024-05-12,Closed Won,44792,Clear Aligners,NA
OPP-200970,ACC-0040,LEAD-107316,2025-03-02,2025-06-16,Closed Lost,79061,Clear Aligners,APAC
OPP-200971,ACC-0235,LEAD-100827,2025-07-20,2025-09-13,Closed Won,30418,Scanner,EMEA
OPP-200972,ACC-0128,LEAD-101169,2025-03-28,2025-04-15,Closed Won,60156,Clear Aligners,EMEA
OPP-200973,ACC-0146,LEAD-104942,2024-09-03,2024-11-23,Closed Won,34998,Clear Aligners,NA
OPP-200974,ACC-0065,LEAD-102474,2024-04-25,,Proposal,87077,Clear Aligners,EMEA
OPP-200975,ACC-0149,LEAD-101061,2024-10-26,,Proposal,40639,Imaging,EMEA
OPP-200976,ACC-0218,LEAD-107986,2025-04-23,2025-07-16,Closed Won,32189,Imaging,NA
OPP-200977,ACC-0001,LEAD-104359,2025-09-21,,Negotiation,50436,Clear Aligners,NA
OPP-200978,ACC-0095,LEAD-100613,2024-06-26,2024-08-17,Closed Won,37912,Scanner,APAC
OPP-200979,ACC-0197,LEAD-106390,2024-06-28,,Proposal,56240,Clear Aligners,NA
OPP-200980,ACC-0076,LEAD-106207,2024-07-21,,Negotiation,45524,Clear Aligners,APAC
OPP-200981,ACC-0199,LEAD-106921,2025-12-17,2026-04-15,Closed Won,48952,Clear Aligners,APAC
OPP-200982,ACC-0003,LEAD-103870,2025-12-18,2026-03-16,Closed Lost,39882,Scanner,APAC
OPP-200983,ACC-0049,LEAD-105386,2024-04-09,,Negotiation,33981,Clear Aligners,NA
OPP-200984,ACC-0144,LEAD-101413,2024-10-10,2025-01-01,Closed Lost,63625,Clear Aligners,APAC
OPP-200985,ACC-0034,LEAD-102671,2025-09-24,2025-11-04,Closed Lost,37448,Clear Aligners,NA
OPP-200986,ACC-0037,LEAD-100445,2024-09-06,,Negotiation,62606,Scanner,NA
OPP-200987,ACC-0038,LEAD-104288,2025-06-22,,Proposal,36176,Imaging,APAC
OPP-200988,ACC-0159,LEAD-100337,2025-07-23,,Proposal,13353,Scanner,EMEA
OPP-200989,ACC-0195,LEAD-104408,2025-01-31,,Negotiation,81103,Clear Aligners,NA
OPP-200990,ACC-0238,LEAD-103169,2024-01-25,,Proposal,40307,Clear Aligners,NA
OPP-200991,ACC-0219,LEAD-101794,2025-12-01,2026-02-27,Closed Won,57905,Clear Aligners,APAC
OPP-200992,ACC-0080,LEAD-101455,2025-05-02,,Proposal,48020,Clear Aligners,EMEA
OPP-200993,ACC-0200,LEAD-102240,2025-07-07,,Proposal,81378,Clear Aligners,EMEA
OPP-200994,ACC-0245,LEAD-107864,2025-12-17,2026-04-16,Closed Won,27446,Clear Aligners,APAC
OPP-200995,ACC-0149,LEAD-102412,2025-10-10,,Proposal,60227,Clear Aligners,EMEA
OPP-200996,ACC-0197,LEAD-104761,2025-02-21,2025-04-21,Closed Lost,49625,Clear Aligners,APAC
OPP-200997,ACC-0079,LEAD-106890,2025-08-21,2025-10-26,Closed Won,51900,Clear Aligners,APAC
OPP-200998,ACC-0223,LEAD-102893,2025-09-16,,Negotiation,40562,Clear Aligners,NA
OPP-200999,ACC-0148,LEAD-101335,2025-10-13,,Negotiation,43863,Imaging,APAC
OPP-201000,ACC-0092,LEAD-104099,2025-09-15,,Negotiation,31940,Scanner,EMEA
OPP-201001,ACC-0090,LEAD-105094,2024-07-12,2024-09-12,Closed Lost,108982,Clear Aligners,EMEA
OPP-201002,ACC-0043,LEAD-103979,2025-03-09,2025-05-25,Closed Lost,10870,Imaging,APAC
OPP-201003,ACC-0058,LEAD-101271,2025-12-07,2026-03-14,Closed Lost,38022,Scanner,APAC
OPP-201004,ACC-0161,LEAD-105574,2025-08-29,2025-09-28,Closed Won,63390,Clear Aligners,NA
OPP-201005,ACC-0174,LEAD-107816,2025-12-13,,Negotiation,47308,Scanner,EMEA
OPP-201006,ACC-0233,LEAD-100317,2024-10-20,,Negotiation,76058,Clear Aligners,NA
OPP-201007,ACC-0028,LEAD-103373,2025-09-28,2025-11-27,Closed Won,42229,Scanner,EMEA
OPP-201008,ACC-0195,LEAD-107883,2024-08-10,,Negotiation,49315,Clear Aligners,NA
OPP-201009,ACC-0187,LEAD-103093,2024-09-30,2025-01-23,Closed Won,11215,Scanner,NA
OPP-201010,ACC-0145,LEAD-100955,2025-12-14,2026-02-03,Closed Won,34204,Clear Aligners,EMEA
OPP-201011,ACC-0161,LEAD-104073,2024-09-03,,Negotiation,27977,Scanner,EMEA
OPP-201012,ACC-0231,LEAD-100600,2025-05-05,,Negotiation,72187,Clear Aligners,NA
OPP-201013,ACC-0230,LEAD-103327,2025-06-08,2025-08-11,Closed Lost,36949,Scanner,EMEA
OPP-201014,ACC-0070,LEAD-100442,2025-12-14,2026-02-18,Closed Lost,57390,Clear Aligners,EMEA
OPP-201015,ACC-0238,LEAD-102414,2024-02-18,2024-03-24,Closed Won,31884,Imaging,APAC
OPP-201016,ACC-0171,LEAD-105324,2024-02-28,2024-03-20,Closed Won,59753,Clear Aligners,APAC
OPP-201017,ACC-0021,LEAD-102897,2024-02-20,2024-06-14,Closed Won,35352,Scanner,EMEA
OPP-201018,ACC-0224,LEAD-105049,2025-05-30,2025-09-10,Closed Won,52982,Clear Aligners,NA
OPP-201019,ACC-0215,LEAD-104776,2024-04-17,,Negotiation,25782,Imaging,APAC
OPP-201020,ACC-0119,LEAD-102852,2024-08-31,,Proposal,25704,Scanner,EMEA
OPP-201021,ACC-0110,LEAD-103049,2024-01-15,2024-02-12,Closed Lost,20969,Imaging,APAC
OPP-201022,ACC-0214,LEAD-106269,2025-03-01,,Proposal,26827,Clear Aligners,APAC
OPP-201023,ACC-0216,LEAD-104421,2025-04-04,2025-05-24,Closed Won,56767,Clear Aligners,APAC
OPP-201024,ACC-0055,LEAD-105025,2024-08-14,2024-12-11,Closed Won,75169,Clear Aligners,APAC
OPP-201025,ACC-0006,LEAD-101989,2025-06-29,,Negotiation,25379,Clear Aligners,EMEA
OPP-201026,ACC-0109,LEAD-101877,2024-11-04,,Proposal,22934,Scanner,NA
OPP-201027,ACC-0097,LEAD-101423,2024-03-12,2024-05-09,Closed Lost,68862,Clear Aligners,NA
OPP-201028,ACC-0067,LEAD-104074,2024-04-30,2024-06-12,Closed Lost,28896,Clear Aligners,APAC
OPP-201029,ACC-0046,LEAD-106197,2025-12-22,2026-03-30,Closed Won,17376,Scanner,NA
OPP-201030,ACC-0042,LEAD-106885,2024-01-10,2024-04-11,Closed Won,22501,Clear Aligners,NA
OPP-201031,ACC-0008,LEAD-106907,2024-09-02,,Negotiation,29287,Imaging,EMEA
OPP-201032,ACC-0185,LEAD-100300,2025-08-09,,Negotiation,60045,Clear Aligners,APAC
OPP-201033,ACC-0223,LEAD-107513,2025-07-24,,Proposal,72711,Clear Aligners,EMEA
OPP-201034,ACC-0117,LEAD-101163,2025-05-07,,Proposal,33424,Clear Aligners,NA
OPP-201035,ACC-0006,LEAD-103718,2025-04-29,2025-07-02,Closed Won,27960,Scanner,NA
OPP-201036,ACC-0156,LEAD-101720,2025-10-18,,Proposal,43641,Clear Aligners,APAC
OPP-201037,ACC-0097,LEAD-101401,2024-01-11,,Proposal,36853,Scanner,APAC
OPP-201038,ACC-0090,LEAD-105352,2025-10-06,2025-12-27,Closed Lost,28695,Imaging,APAC
OPP-201039,ACC-0203,LEAD-103292,2025-07-28,2025-11-11,Closed Won,16999,Imaging,NA
OPP-201040,ACC-0031,LEAD-105549,2025-03-21,2025-06-18,Closed Lost,67644,Clear Aligners,APAC
OPP-201041,ACC-0212,LEAD-105086,2024-01-15,,Negotiation,35122,Imaging,NA
OPP-201042,ACC-0192,LEAD-103355,2025-06-12,,Proposal,80180,Clear Aligners,NA
OPP-201043,ACC-0225,LEAD-101200,2024-05-29,2024-09-19,Closed Won,37706,Imaging,NA
OPP-201044,ACC-0054,LEAD-100687,2024-05-06,2024-05-22,Closed Won,45490,Scanner,APAC
OPP-201045,ACC-0196,LEAD-104826,2025-02-22,2025-04-29,Closed Won,29655,Scanner,APAC
OPP-201046,ACC-0085,LEAD-105741,2024-09-21,2024-12-25,Closed Lost,34924,Imaging,APAC
OPP-201047,ACC-0074,LEAD-103615,2024-08-06,2024-10-10,Closed Won,20443,Imaging,APAC
OPP-201048,ACC-0237,LEAD-100906,2024-03-19,2024-06-05,Closed Won,35287,Clear Aligners,NA
OPP-201049,ACC-0138,LEAD-105813,2024-04-10,2024-06-10,Closed Won,39452,Scanner,NA
OPP-201050,ACC-0211,LEAD-106322,2025-07-01,2025-08-01,Closed Lost,25767,Scanner,APAC
OPP-201051,ACC-0085,LEAD-101727,2025-08-07,2025-09-13,Closed Won,52747,Clear Aligners,EMEA
OPP-201052,ACC-0060,LEAD-106042,2025-08-22,2025-10-19,Closed Won,20163,Imaging,APAC
OPP-201053,ACC-0110,LEAD-102965,2025-05-20,2025-09-07,Closed Lost,32519,Scanner,NA
OPP-201054,ACC-0192,LEAD-106330,2024-01-12,,Proposal,37044,Scanner,APAC
OPP-201055,ACC-0118,LEAD-106953,2024-03-06,2024-05-06,Closed Won,49657,Clear Aligners,APAC
OPP-201056,ACC-0222,LEAD-101782,2025-02-12,2025-06-05,Closed Won,26996,Imaging,NA
OPP-201057,ACC-0044,LEAD-102951,2025-03-12,,Proposal,25428,Clear Aligners,APAC
OPP-201058,ACC-0123,LEAD-105720,2024-02-10,,Negotiation,25077,Clear Aligners,NA
OPP-201059,ACC-0214,LEAD-100849,2025-11-30,,Proposal,66250,Clear Aligners,NA
OPP-201060,ACC-0041,LEAD-103854,2024-03-29,,Negotiation,65435,Clear Aligners,EMEA
OPP-201061,ACC-0220,LEAD-103247,2025-03-14,2025-04-14,Closed Won,37274,Scanner,APAC
OPP-201062,ACC-0155,LEAD-107450,2024-08-05,,Negotiation,52945,Scanner,APAC
OPP-201063,ACC-0183,LEAD-102651,2024-01-31,,Proposal,64332,Clear Aligners,NA
OPP-201064,ACC-0204,LEAD-107856,2025-09-28,2026-01-16,Closed Won,60534,Clear Aligners,EMEA
OPP-201065,ACC-0117,LEAD-103616,2025-09-30,,Proposal,82361,Clear Aligners,NA
OPP-201066,ACC-0174,LEAD-105671,2025-01-25,2025-02-12,Closed Won,77348,Clear Aligners,NA
OPP-201067,ACC-0116,LEAD-103006,2025-05-11,2025-06-28,Closed Lost,13979,Scanner,NA
OPP-201068,ACC-0087,LEAD-103267,2024-03-07,,Proposal,29848,Scanner,EMEA
OPP-201069,ACC-0036,LEAD-106928,2025-10-01,,Proposal,66868,Clear Aligners,NA
OPP-201070,ACC-0166,LEAD-102099,2025-12-02,2026-03-15,Closed Lost,37013,Clear Aligners,EMEA
OPP-201071,ACC-0123,LEAD-106200,2025-12-07,,Proposal,29764,Imaging,APAC
OPP-201072,ACC-0122,LEAD-103434,2025-11-19,2026-01-02,Closed Lost,58054,Clear Aligners,APAC
OPP-201073,ACC-0214,LEAD-104753,2025-12-14,,Proposal,9350,Clear Aligners,NA
OPP-201074,ACC-0197,LEAD-103631,2025-04-02,2025-06-20,Closed Lost,26032,Imaging,EMEA
OPP-201075,ACC-0116,LEAD-107282,2024-04-12,,Negotiation,60655,Clear Aligners,NA
OPP-201076,ACC-0014,LEAD-105875,2024-10-26,,Proposal,55552,Clear Aligners,NA
OPP-201077,ACC-0065,LEAD-104574,2024-06-30,2024-10-01,Closed Lost,5000,Clear Aligners,APAC
OPP-201078,ACC-0249,LEAD-104836,2024-12-12,2025-01-23,Closed Lost,56121,Scanner,NA
OPP-201079,ACC-0098,LEAD-103721,2025-05-02,,Proposal,26047,Scanner,APAC
OPP-201080,ACC-0105,LEAD-104767,2024-02-02,,Proposal,45600,Scanner,APAC
OPP-201081,ACC-0115,LEAD-103162,2025-07-01,2025-09-20,Closed Won,12044,Imaging,EMEA
OPP-201082,ACC-0163,LEAD-100458,2025-03-04,2025-06-22,Closed Won,32442,Imaging,EMEA
OPP-201083,ACC-0215,LEAD-106168,2025-10-31,2025-12-22,Closed Won,17820,Scanner,NA
OPP-201084,ACC-0174,LEAD-104083,2024-11-27,2025-01-22,Closed Won,35648,Scanner,EMEA
OPP-201085,ACC-0043,LEAD-104176,2024-07-14,,Proposal,85619,Clear Aligners,NA
OPP-201086,ACC-0172,LEAD-100934,2025-08-09,,Negotiation,52564,Scanner,APAC
OPP-201087,ACC-0235,LEAD-101806,2025-03-20,2025-05-20,Closed Won,27800,Clear Aligners,NA
OPP-201088,ACC-0112,LEAD-100632,2024-12-05,,Negotiation,103662,Clear Aligners,NA
OPP-201089,ACC-0034,LEAD-103510,2024-03-13,,Proposal,66004,Clear Aligners,EMEA
OPP-201090,ACC-0043,LEAD-102380,2025-08-05,2025-10-07,Closed Lost,52334,Clear Aligners,APAC
OPP-201091,ACC-0072,LEAD-105800,2024-03-23,2024-06-09,Closed Lost,22225,Imaging,APAC
OPP-201092,ACC-0128,LEAD-100769,2025-11-10,,Negotiation,32067,Clear Aligners,EMEA
OPP-201093,ACC-0126,LEAD-102703,2024-12-28,2025-04-02,Closed Won,16461,Scanner,NA
OPP-201094,ACC-0144,LEAD-105841,2025-09-05,2025-12-16,Closed Won,65128,Clear Aligners,APAC
OPP-201095,ACC-0125,LEAD-102805,2025-06-22,2025-09-22,Closed Lost,40857,Scanner,NA
OPP-201096,ACC-0022,LEAD-105372,2025-05-24,2025-09-12,Closed Won,96360,Clear Aligners,EMEA
OPP-201097,ACC-0184,LEAD-100400,2024-11-20,,Negotiation,30644,Scanner,EMEA
OPP-201098,ACC-0015,LEAD-100399,2024-09-09,2024-10-04,Closed Won,60231,Clear Aligners,EMEA
OPP-201099,ACC-0223,LEAD-104112,2024-09-08,,Negotiation,68019,Clear Aligners,EMEA
OPP-201100,ACC-0201,LEAD-105243,2024-10-17,,Proposal,51190,Clear Aligners,EMEA
OPP-201101,ACC-0142,LEAD-103400,2025-07-12,2025-10-11,Closed Lost,70917,Clear Aligners,EMEA
OPP-201102,ACC-0072,LEAD-101165,2025-08-12,2025-11-25,Closed Won,46504,Clear Aligners,NA
OPP-201103,ACC-0034,LEAD-106089,2025-12-24,2026-04-19,Closed Won,53267,Clear Aligners,NA
OPP-201104,ACC-0149,LEAD-101812,2024-11-05,2025-03-03,Closed Lost,67914,Clear Aligners,NA
OPP-201105,ACC-0113,LEAD-107682,2025-10-18,,Proposal,63205,Clear Aligners,NA
OPP-201106,ACC-0021,LEAD-104237,2024-06-24,,Negotiation,19953,Imaging,EMEA
OPP-201107,ACC-0071,LEAD-100402,2025-02-21,,Negotiation,29757,Imaging,NA
OPP-201108,ACC-0241,LEAD-106395,2025-12-07,2025-12-27,Closed Won,72602,Clear Aligners,EMEA
OPP-201109,ACC-0183,LEAD-103504,2024-03-07,2024-06-06,Closed Won,37701,Scanner,NA
OPP-201110,ACC-0167,LEAD-102516,2025-01-24,2025-05-10,Closed Won,39219,Clear Aligners,APAC
OPP-201111,ACC-0020,LEAD-106839,2024-10-11,2024-11-03,Closed Won,39943,Clear Aligners,EMEA
OPP-201112,ACC-0023,LEAD-107075,2025-05-31,2025-06-26,Closed Lost,47201,Scanner,NA
OPP-201113,ACC-0056,LEAD-105248,2024-12-04,,Proposal,22687,Scanner,NA
OPP-201114,ACC-0195,LEAD-100764,2024-04-13,,Proposal,26327,Imaging,APAC
OPP-201115,ACC-0096,LEAD-103385,2024-03-25,2024-05-11,Closed Lost,37818,Clear Aligners,NA
OPP-201116,ACC-0127,LEAD-104946,2024-03-01,2024-04-13,Closed Lost,74156,Clear Aligners,NA
OPP-201117,ACC-0164,LEAD-104317,2024-10-25,,Proposal,39143,Clear Aligners,EMEA
OPP-201118,ACC-0102,LEAD-101053,2025-10-16,2025-11-15,Closed Won,25406,Imaging,NA
OPP-201119,ACC-0102,LEAD-103953,2024-08-06,2024-10-31,Closed Won,70196,Clear Aligners,EMEA
